RXCUI,TenThuoc
44,mesna
61,beta-alanine
73,docosahexaenoate
74,4-aminobenzoic acid
94,5-hydroxytryptophan
99,6-aminocaproic acid
103,mercaptopurine
110,oxyquinoline
149,acebutolol
155,acepromazine
161,acetaminophen
162,acetanilide
167,acetazolamide
168,acetic acid
178,acetone
193,acetylcarnitine
194,acetylcholine
197,acetylcysteine
272,activated charcoal
281,acyclovir
296,adenosine
318,adenosine triphosphate
376,corticotropin
397,agar
411,air
426,alanine
430,albendazole
435,albuterol
448,ethanol
480,alfentanil
508,allantoin
519,allopurinol
535,alpha 1-antitrypsin
569,eflornithine
596,alprazolam
598,alprostadil
612,aluminum hydroxide
615,aluminum oxide
620,amantadine
625,ambroxol
626,amdinocillin
627,amdinocillin pivoxil
632,mitomycin
641,amikacin
644,amiloride
683,aminolevulinic acid
689,aminophylline
703,amiodarone
704,amitriptyline
712,ammonium chloride
719,amobarbital
722,amoxapine
723,amoxicillin
725,amphetamine
732,amphotericin B
733,ampicillin
742,amyl nitrite
743,amylase
873,anthralin
1009,antithrombin III
1011,"lymphocyte immune globulin, anti-thymocyte globulin"
1043,apomorphine
1056,aprotinin
1091,arginine
1098,argipressin
1151,ascorbic acid
1156,asparaginase
1157,asparagine
1169,aspartic acid
1191,aspirin
1202,atenolol
1218,atracurium
1223,atropine
1227,auranofin
1251,azacitidine
1256,azathioprine
1272,aztreonam
1291,bacitracin
1292,baclofen
1331,barium sulfate
1347,beclomethasone
1356,beeswax
1359,belladonna alkaloids
1375,bentonite
1378,benzalkonium
1388,lindane
1390,benzethonium
1399,benzocaine
1406,benzoin resin
1418,benzoyl peroxide
1422,benzphetamine
1424,benztropine
1426,benzyl alcohol
1512,betaine
1514,betamethasone
1520,betaxolol
1525,bezafibrate
1588,biotin
1596,bisacodyl
1599,bismuth
1622,bleomycin
1700,boric acid
1705,boron
1712,botulinum toxin type A
1752,bromelains
1753,bromhexine
1760,bromocriptine
1767,brompheniramine
1808,bumetanide
1813,levobunolol
1815,bupivacaine
1819,buprenorphine
1825,buserelin
1827,buspirone
1828,busulfan
1841,butorphanol
1848,butylated hydroxytoluene
1886,caffeine
1889,calcifediol
1894,calcitriol
1895,calcium
1897,calcium carbonate
1901,calcium chloride
1908,calcium gluconate
1909,calcium glycerophosphate
1910,calcium hydroxide
1919,calcium phosphate
1925,calcium sulfate
1952,camphor
1984,cantharidin
1992,capsaicin
1998,captopril
1999,carbachol
2002,carbamazepine
2011,carbazochrome
2019,carbidopa
2020,carbimazole
2023,carbocysteine
2032,carbon black
2034,carbon dioxide
2051,carboprost
2062,carboxymethylcellulose
2101,carisoprodol
2105,carmustine
2106,carnitine
2116,carteolol
2129,castor oil
2176,cefaclor
2177,cefadroxil
2180,cefazolin
2186,cefotaxime
2187,cefotetan
2189,cefoxitin
2191,ceftazidime
2193,ceftriaxone
2194,cefuroxime
2221,cellulose
2231,cephalexin
2286,cetylpyridinium
2346,chlorambucil
2348,chloramphenicol
2353,clorazepate
2354,chlorcyclizine
2356,chlordiazepoxide
2358,chlorhexidine
2378,chlorobutanol
2382,proguanil
2388,chlorophyll
2393,chloroquine
2396,chlorothiazide
2399,chlorphenesin
2400,chlorpheniramine
2403,chlorpromazine
2409,chlorthalidone
2410,chlorzoxazone
2418,cholecalciferol
2438,cholesterol
2447,cholestyramine resin
2449,choline
2473,chondroitin sulfates
2530,chymotrypsin
2540,cilastatin
2541,cimetidine
2551,ciprofloxacin
2555,cisplatin
2556,citalopram
2567,citrulline
2578,clemastine
2582,clindamycin
2590,clobetasol
2596,clomiphene
2597,clomipramine
2598,clonazepam
2599,clonidine
2623,clotrimazole
2626,clozapine
2635,coal tar
2653,cocaine
2669,cod liver oil
2670,codeine
2683,colchicine
2685,colestipol
2709,colistin
2714,collagen
2837,copper
2839,copper gluconate
2854,corn oil
2878,cortisone
2890,cosyntropin
2898,coumarin
2907,creatine
2913,creatinine
2915,creosote
2955,curcumin
3001,cyclopentolate
3002,cyclophosphamide
3007,cycloserine
3008,cyclosporine
3013,cyproheptadine
3022,cysteamine
3024,cysteine
3041,cytarabine
3098,dacarbazine
3100,dactinomycin
3102,danazol
3105,dantrolene
3108,dapsone
3109,daunorubicin
3116,deanol
3131,deferoxamine
3143,prasterone
3154,demeclocycline
3247,desipramine
3251,desmopressin
3254,desonide
3255,desoximetasone
3264,dexamethasone
3272,dextran 40
3274,dextran 70
3288,dextroamphetamine
3289,dextromethorphan
3322,diazepam
3327,diazoxide
3339,dibucaine
3353,dichlorphenamide
3355,diclofenac
3356,dicloxacillin
3361,dicyclomine
3364,didanosine
3368,dienestrol
3389,diethylpropion
3390,diethylstilbestrol
3393,diflunisal
3407,digoxin
3418,dihydroergotamine
3423,hydromorphone
3430,dihydroxyacetone
3435,iodoquinol
3443,diltiazem
3444,dimenhydrinate
3445,dimercaprol
3446,succimer
3455,dimethyl sulfoxide
3478,dinoprostone
3489,diosmin
3498,diphenhydramine
3500,diphenoxylate
3521,dipyridamole
3523,dipyrone
3541,disopyramide
3554,disulfiram
3616,dobutamine
3628,dopamine
3637,doxapram
3638,doxepin
3639,doxorubicin
3640,doxycycline
3642,doxylamine
3648,droperidol
3743,econazole
3752,edrophonium
3755,edetic acid
3827,enalapril
3829,enalaprilat
3966,ephedrine
3992,epinephrine
3995,epirubicin
4018,ergocalciferol
4024,"ergoloid mesylates, USP"
4025,ergotamine
4053,erythromycin
4061,erythrosine
4065,escin
4077,estazolam
4083,estradiol
4089,estramustine
4094,estriol
4099,"estrogens, conjugated (USP)"
4110,ethambutol
4112,ethamsylate
4124,ethinyl estradiol
4125,ethiodized oil
4126,amifostine
4127,ethionamide
4135,ethosuximide
4141,ethyl chloride
4158,ethylenediamine
4177,etomidate
4179,etoposide
4186,eugenol
4249,factor IX
4254,factor VII
4256,factor VIIa
4257,factor VIII
4262,factor X
4271,factor XIII
4278,famotidine
4301,omega-3 fatty acids
4316,felodipine
4325,fenbendazole
4328,fenfluramine
4331,fenoprofen
4337,fentanyl
4385,fibrinogen
4419,fish oils
4440,flavoxate
4441,flecainide
4450,fluconazole
4451,flucytosine
4452,fludrocortisone
4457,flumazenil
4462,fluocinonide
4488,floxuridine
4491,fluorometholone
4492,fluorouracil
4493,fluoxetine
4496,fluphenazine
4500,flurandrenolide
4501,flurazepam
4502,flurbiprofen
4508,flutamide
4511,folic acid
4530,formaldehyde
4537,formic acid
4550,fosfomycin
4570,fructose
4601,furazolidone
4603,furosemide
4626,galactose
4637,galantamine
4678,ganciclovir
4716,gelatin
4719,gemfibrozil
4778,gentian violet
4815,glyburide
4821,glipizide
4832,glucagon
4845,glucosamine
4850,glucose
4885,glutamine
4888,glutaral
4890,glutathione
4910,glycerin
4917,nitroglycerin
4919,glycine
4952,thyrotropin alfa
4967,glyoxal
4986,chorionic gonadotropin
5011,gramicidin
5021,griseofulvin
5031,guaiacol
5032,guaifenesin
5033,guanabenz
5084,halcinonide
5093,haloperidol
5140,helium
5175,hemin
5224,heparin
5281,hesperidin
5293,hexachlorophene
5321,hexylresorcinol
5333,histamine
5340,histidine
5464,hyaluronidase
5470,hydralazine
5486,hydrochloric acid
5487,hydrochlorothiazide
5489,hydrocodone
5492,hydrocortisone
5496,hydrofluoric acid
5499,hydrogen peroxide
5509,hydroquinone
5514,hydroxocobalamin
5521,hydroxychloroquine
5531,hetastarch
5552,hydroxyurea
5553,hydroxyzine
5640,ibuprofen
5645,ichthammol
5650,idarubicin
5653,idoxuridine
5657,ifosfamide
5666,immunoglobulin G
5690,imipenem
5691,imipramine
5764,indapamide
5775,indocyanine green
5781,indomethacin
5833,inositol
5882,interferon gamma-1b
5920,intrinsic factor
5924,inulin
5933,iodine
5956,iohexol
5966,iopamidol
5992,iron-dextran complex
6011,isocarboxazid
6026,isoflurane
6033,isoleucine
6038,isoniazid
6054,isoproterenol
6057,isosorbide
6058,isosorbide dinitrate
6064,isotretinoin
6066,isoxsuprine
6069,ivermectin
6085,Juniperus communis whole extract
6086,juniper tar
6099,kanamycin
6102,kaolin
6130,ketamine
6135,ketoconazole
6142,ketoprofen
6146,ketotifen
6185,labetalol
6205,Lactobacillus acidophilus
6211,lactose
6218,lactulose
6227,lanolin
6308,leucine
6313,leucovorin
6371,levamisole
6373,levonorgestrel
6375,levodopa
6378,levorphanol
6379,levulinic acid
6383,luteinizing hormone
6387,lidocaine
6398,lincomycin
6404,linseed oil
6406,lipase
6448,lithium
6459,liver extract
6466,lomustine
6468,loperamide
6470,lorazepam
6472,lovastatin
6475,loxapine
6536,lysine
6572,mafenide
6574,magnesium
6579,magnesium chloride
6581,magnesium hydroxide
6582,magnesium oxide
6585,magnesium sulfate
6606,malathion
6623,manganese
6628,mannitol
6633,mannose
6672,mebendazole
6673,mecamylamine
6674,mechlorethamine
6676,meclizine
6678,meclofenamic acid
6691,medroxyprogesterone
6694,mefloquine
6703,megestrol
6704,meglumine
6711,melatonin
6718,melphalan
6719,memantine
6750,menthol
6754,meperidine
6759,mepivacaine
6760,meprobamate
6762,merbromin
6765,tiopronin
6809,metformin
6813,methadone
6816,methamphetamine
6826,methazolamide
6832,methenamine
6835,methimazole
6837,methionine
6845,methocarbamol
6847,methohexital
6851,methotrexate
6854,methoxsalen
6873,methylcellulose
6876,methyldopa
6878,methylene blue
6883,methylergonovine
6901,methylphenidate
6902,methylprednisolone
6904,methyltestosterone
6915,metoclopramide
6916,metolazone
6918,metoprolol
6922,metronidazole
6923,metyrapone
6926,mexiletine
6932,miconazole
6960,midazolam
6963,midodrine
6964,mifepristone
6972,mineral oil
6980,minocycline
6984,minoxidil
7004,mitotane
7005,mitoxantrone
7019,molindone
7024,molybdenum
7052,morphine
7145,mycophenolic acid
7213,ipratropium
7226,nadolol
7233,nafcillin
7238,nalbuphine
7242,naloxone
7243,naltrexone
7247,naphazoline
7258,naproxen
7268,natamycin
7299,neomycin
7315,neostigmine
7393,niacin
7396,nicardipine
7405,niacinamide
7407,nicotine
7417,nifedipine
7421,nifurtimox
7426,nimodipine
7435,nisoldipine
7442,nitric oxide
7454,nitrofurantoin
7456,nitrogen
7476,nitroprusside
7486,nitrous oxide
7512,norepinephrine
7514,norethindrone
7518,norgestrel
7531,nortriptyline
7597,nystatin
7617,octreotide
7623,ofloxacin
7624,clove oil
7646,omeprazole
7676,opium
7688,metaproterenol
7715,orphenadrine
7773,oxacillin
7779,oxandrolone
7781,oxazepam
7798,oxolinic acid
7804,oxycodone
7806,oxygen
7812,oxymetazoline
7814,oxymorphone
7824,oxytocin
7832,4-aminohippuric acid
7833,aminosalicylic acid
7839,p-hydroxyamphetamine
7880,pancreatin
7883,pancuronium
7891,pantothenic acid
7892,papain
7895,papaverine
7906,paraffin
7934,paromomycin
7975,penicillamine
7980,penicillin G
7984,penicillin V
7994,pentamidine
8001,pentazocine
8004,pentobarbital
8011,pentostatin
8013,pentoxifylline
8016,pepsin A
8031,protease
8076,perphenazine
8091,petrolatum
8120,phenazopyridine
8123,phenelzine
8126,phenylethyl alcohol
8132,pheniramine
8134,phenobarbital
8141,phenolsulfonphthalein
8149,phenoxybenzamine
8152,phentermine
8153,phentolamine
8156,phenylalanine
8160,phenylbutazone
8163,phenylephrine
8183,phenytoin
8214,lecithin
8259,phosphoric acid
8299,physostigmine
8302,phytic acid
8308,vitamin K1
8310,phytosterols
8328,pilocarpine
8331,pimozide
8332,pindolol
8333,pine tar
8339,piperacillin
8340,piperazine
8345,piperonyl butoxide
8356,piroxicam
8410,alteplase
8462,podophyllin
8463,podofilox
8513,polyethylene glycol 300
8514,polyethylene glycol 400
8516,polyethylene glycols
8536,polymyxin B
8559,polysorbate 20
8560,polysorbate 80
8570,polyvinyl alcohol
8588,potassium
8589,potassium aspartate
8591,potassium chloride
8597,potassium iodide
8606,potassium sorbate
8610,povidone
8611,povidone-iodine
8628,praziquantel
8629,prazosin
8638,prednisolone
8640,prednisone
8686,prilocaine
8687,primaquine
8691,primidone
8698,probenecid
8700,procainamide
8701,procaine
8702,procarbazine
8703,fenofibrate
8704,prochlorperazine
8723,proflavine
8727,progesterone
8737,proline
8745,promethazine
8754,propafenone
8761,propantheline
8782,propofol
8783,propolis
8787,propranolol
8792,propylhexedrine
8794,propylthiouracil
8814,epoprostenol
8825,protamine sulfate (USP)
8826,protamines
8834,protein C
8886,protriptyline
8896,pseudoephedrine
8928,psyllium
8948,purified protein derivative of tuberculin
8984,pyrantel
8987,pyrazinamide
8991,pyrethrins
9000,pyridostigmine
9009,pyrilamine
9010,pyrimethamine
9022,pyrogallol
9036,pyrrolidonecarboxylic acid
9060,quercetin
9068,quinidine
9071,quinine
9143,ranitidine
9260,reserpine
9344,ribavirin
9346,riboflavin
9384,rifampin
9386,rimantadine
9500,rutin
9504,S-adenosylmethionine
9509,saccharin
9511,Saccharomyces cerevisiae
9515,safflower oil
9518,salicylamide
9524,sulfasalazine
9525,salicylic acid
9549,samarium
9601,scopolamine
9639,selegiline
9640,selenite
9641,selenium
9644,selenomethionine
9671,serine
9771,silicon dioxide
9774,silicon
9789,silver nitrate
9793,silver sulfadiazine
9796,simethicone
9800,sincalide
9853,sodium
9863,sodium chloride
9873,sodium fluoride
9880,sodium hydroxide
9884,sodium iodide
9894,sodium nitrite
9913,sodium tetradecyl sulfate
9945,sorbitol
9947,sotalol
9949,soybean oil
9997,spironolactone
10014,squalene
10030,stannous fluoride
10046,starch
10109,streptomycin
10114,streptozocin
10122,strontium
10154,succinylcholine
10156,sucralfate
10159,sucrose
10167,sulbactam
10169,sulfacetamide
10171,sulfadiazine
10172,sulfadimethoxine
10180,sulfamethoxazole
10193,sulfathiazole
10223,sulfur
10231,sulfuric acid
10237,sulindac
10239,sulpiride
10323,talc
10324,tamoxifen
10328,tannic acid
10337,taurine
10355,temazepam
10368,terbutaline
10379,testosterone
10390,tetrabenazine
10391,tetracaine
10395,tetracycline
10402,dronabinol
10432,thalidomide
10438,theophylline
10454,thiamine
10472,thimerosal
10473,thiotepa
10485,thioguanine
10502,thioridazine
10510,thiothixene
10524,threonine
10528,thrombin
10553,thymol
10572,thyroid (USP)
10580,thyrotropin-releasing hormone
10582,levothyroxine
10600,timolol
10612,tinidazole
10627,tobramycin
10634,tolazoline
10636,tolmetin
10637,tolnaftate
10689,tramadol
10691,tranexamic acid
10734,tranylcypromine
10737,trazodone
10753,tretinoin
10756,triacetin
10759,triamcinolone
10763,triamterene
10767,triazolam
10772,trichlormethiazide
10795,triclosan
10798,trientine
10800,trifluoperazine
10803,trifluridine
10811,trihexyphenidyl
10814,liothyronine
10829,trimethoprim
10834,trimipramine
10847,tripelennamine
10849,triprolidine
10865,tromethamine
10869,tropicamide
10878,trypan blue
10890,trypsin
10898,tryptophan
10938,turpentine
10962,tyrosine
11002,urea
11017,uridine
11115,valine
11121,vanadium
11124,vancomycin
11149,vasopressin (USP)
11170,verapamil
11194,vidarabine
11196,viloxazine
11198,vinblastine
11202,vincristine
11246,vitamin A
11248,vitamin B12
11251,vitamin B complex
11253,vitamin D
11256,vitamin E
11258,vitamin K
11274,von Willebrand factor
11289,warfarin
11295,water
11327,white wax
11359,lutein
11377,xylitol
11413,zidovudine
11416,zinc
11423,zinc oxide
11431,zinc-DTPA
11454,glucomannan
11473,pamidronate
11516,doxercalciferol
11636,drospirenone
11645,deferiprone
12574,gemcitabine
13369,octinoxate
14448,3-iodobenzylguanidine
14584,etonogestrel
14845,apraclonidine
14851,vigabatrin
14997,4-cresyl acetate
15202,argatroban
15226,fomepizole
15657,decitabine
15996,mirtazapine
16054,kinetin
16521,adefovir
16681,acarbose
16728,acetohydroxamic acid
16818,acitretin
17050,adipic acid
17128,lansoprazole
17300,alfuzosin
17305,alginic acid
17609,aluminum acetate
17610,aluminum chlorohydrate
17614,aluminum magnesium silicate
17618,aluminum phosphate
17621,aluminum sulfate
17652,amcinonide
17767,amlodipine
18235,peanut oil
18330,arsenic trioxide
18343,artemether
18346,artesunate
18405,asiaticoside
18451,astaxanthin
18475,atipamezole
18603,azelastine
18631,azithromycin
18747,balsalazide
18867,benazepril
18889,benoxinate
18891,benphothiamine
18993,benzonatate
18994,benznidazole
18997,benzophenone
19044,benzyl benzoate
19143,beta carotene
19257,bethanechol
19461,bisabolol
19476,bismuth subgallate
19478,bismuth subsalicylate
19484,bisoprolol
19551,pemirolast
19552,cefprozil
19685,bretylium
19698,brilliant green
19737,bromfenac
19831,budesonide
19860,butalbital
19861,butamben
19884,butoconazole
20012,cadexomer iodine
20063,calcium polycarbophil
20178,octanoic acid
20217,carbetapentane
20220,carbinoxamine
20298,carboxypolymethylene
20343,carprofen
20352,carvedilol
20481,cefepime
20489,cefpodoxime
20599,cesium chloride
20610,cetirizine
20615,cetyl alcohol
20799,chlorine dioxide
20823,chlorocresol
20859,chloroprocaine
20877,chloroxylenol
21009,chromic chloride
21090,ciclopirox
21107,cilostazol
21116,eucalyptol
21183,citric acid
21212,clarithromycin
21232,clidinium
21241,clobazam
21249,clocortolone
21254,chlophedianol
21373,cobamamide
21389,cocoa butter
21406,ubidecarenone
21579,copper sulfate
21766,crotamiton
21833,cupric chloride
21837,cupric oxide
21842,cuprous oxide
21949,cyclobenzaprine
22178,cytomegalovirus immune globulin
22298,dapiprazole
22299,daptomycin
22380,decanoic acid
22396,deflazacort
22656,desogestrel
22672,detomidine
22696,dexbrompheniramine
22697,dexchlorpheniramine
22701,dexpanthenol
22892,dichloralphenazone
22906,dichlorobenzyl alcohol
22968,dienogest
23024,difenoxin
23043,difluprednate
23066,dihematoporphyrin ether
23088,dihydrocodeine
23161,aldioxa
23162,dihydroxyaluminum aminoacetate
23247,methylsulfonylmethane
23744,dyclonine
24192,enrofloxacin
24246,epigallocatechin gallate
24457,ethanolamine
24460,ethanolamine oleate
24522,ethyl linoleate
24591,ethynodiol
24605,etodolac
24698,fludarabine
24805,febantel
24812,felbamate
24897,ferric ammonium citrate
24898,ferric chloride
24902,prussian blue insoluble
24909,iron sucrose
24912,ferric subsulfate solution
24913,ferric sulfate
24941,ferrous fumarate
24942,ferrous gluconate
24947,ferrous sulfate
25025,finasteride
25033,cefixime
25037,cefdinir
25086,florfenicol
25120,flunisolide
25121,flunixin
25126,fluocinolone
25138,fluorescein
25255,formoterol
25357,follitropin beta
25480,gabapentin
25483,gadoteridol
25696,genistein
25789,glimepiride
25842,gluconolactone
26051,glycol salicylate
26143,glycyrrhizic acid
26225,ondansetron
26237,granisetron
26344,guar gum
26744,hepatitis B immune globulin
27084,homatropine
27100,omacetaxine mepesuccinate
27169,leflunomide
27221,hydrotalcite
27244,hydroxyethyl cellulose
27291,hydroxypropylcellulose
27334,hypromellose
27340,desflurane
27712,invert sugar
27723,iodinated glycerol
27729,iodixanol
27781,iopromide
27792,ioversol
27825,iron succinyl milk protein complex
27863,iso-sulfan blue
27946,isometheptene
27985,isopropyl myristate
28031,itraconazole
28068,oxaceprol
28395,lactitol
28439,lamotrigine
28486,lavender oil
28656,nafarelin
28863,lofexidine
28889,loratadine
29008,lycopene
29046,lisinopril
29151,magaldrate
29155,magnesium carbonate
29170,magnesium trisilicate
29209,malic acid
29256,mandelic acid
29261,manganese chloride
29268,manganese sulfate
29365,calcipotriene
29421,mecobalamin
29495,menatetrenone
29561,meropenem
29742,methyl anthranilate
29787,methyl salicylate
29897,methylmethacrylate
29899,methylnaltrexone
29900,methylnicotinate
29903,methylparaben
30009,miglitol
30125,modafinil
30131,moexipril
31005,N-acetyltyrosine
31435,valrubicin
31447,nabilone
31448,nabumetone
31476,naftifine
31479,nalmefene
31555,nebivolol
31563,nedocromil
31565,nefazodone
31805,nilutamide
31819,nitazoxanide
31914,tiagabine
31945,nonivamide
31994,norgestimate
32385,olsalazine
32592,oxaliplatin
32613,oxaprozin
32624,oxcarbazepine
32638,oxiconazole
32673,oxybenzone
32675,oxybutynin
32680,oxychlorosene
32786,padimate-O
32809,palm oil
32863,pantethine
32915,teriparatide
32937,paroxetine
32950,patent blue violet
32968,clopidogrel
32987,pectin
33055,pentaerythritol
33093,peppermint preparation
33094,peppermint oil
33199,permethrin
33219,Peruvian balsam
33272,phendimetrazine
33290,phenol
33408,phenyltoloxamine
33562,foscarnet
33738,pioglitazone
33747,estropipate
33753,piperonal
33767,pirbuterol
33783,piroctone olamine
33835,plasma protein fraction
33910,isradipine
34132,pegaspargase
34296,potassium bicarbonate
34300,potassium carbonate
34311,potassium hydroxide
34312,potassium iodate
34316,potassium nitrate
34322,potassium phosphate
34323,potassium sulfate
34345,pralidoxime
34347,pramoxine
34369,prednicarbate
34658,propionic acid
34693,propylene glycol
34706,propylparaben
34822,protein S
34905,proparacaine
35100,pyrithione
35185,quazepam
35208,quinapril
35255,cisapride
35296,ramipril
35302,sirolimus
35382,resorcinol
35465,Rho(D) immune globulin
35616,rifamycin SV
35617,rifapentine
35619,rifaximin
35623,riluzole
35636,risperidone
35780,ropivacaine
35805,royal jelly
35825,ganirelix
35827,ketorolac
35829,ranolazine
36108,salsalate
36117,salmeterol
36118,salmon calcitonin
36122,phenyl salicylate
36314,secnidazole
36344,selenious acid
36345,selenium sulfide
36387,"sennosides, USP"
36434,serratiopeptidase
36435,sertaconazole
36437,sertraline
36453,sevoflurane
36567,simvastatin
36676,sodium bicarbonate
36679,sodium bisulfite
36685,sodium carbonate
36696,sodium metabisulfite
36702,sodium perborate
36709,sodium phosphate
36710,tribasic sodium phosphate
36717,sodium selenate
36721,sodium sulfate
36723,sodium sulfite
37032,stannous chloride
37071,stearyl alcohol
37106,stevioside
37255,succinic acid
37317,sulbutiamine
37319,sulconazole
37418,sumatriptan
37422,sunflower oil
37578,tartaric acid
37617,tazobactam
37744,teferrol
37776,temozolomide
37798,terazosin
37801,terbinafine
37806,terconazole
37925,orlistat
37935,tetrahydrozoline
38022,theanine
38298,tioconazole
38323,titanium dioxide
38400,atomoxetine
38404,topiramate
38409,toremifene
38413,torsemide
38454,trandolapril
38508,treosulfan
38623,triethanolamine
38668,trilostane
38685,trimethobenzamide
38782,triptorelin
38866,trolamine salicylate
38998,tyloxapol
39085,ubiquinol
39385,varicella-zoster immune globulin
39541,vinorelbine
39684,epinastine
39786,venlafaxine
39841,xylometazoline
39918,zeaxanthin
39935,zinc carbonate
39937,zinc chloride
39952,zinc pyrithione
39954,zinc sulfate
39993,zolpidem
39998,zonisamide
40048,carboplatin
40114,guanfacine
40138,iloprost
40254,valproate
40575,zileuton
40790,pantoprazole
41126,fluticasone
41127,fluvastatin
41144,gadodiamide
41208,halobetasol
41289,ibutilide
41397,lactase
41493,meloxicam
41967,salmon oil
42316,tacrolimus
42319,nizatidine
42331,misoprostol
42347,bupropion
42351,lithium carbonate
42355,fluvoxamine
42372,mupirocin
42375,leuprolide
42463,pravastatin
42543,aspartate
42588,chenodeoxycholate
42612,cromolyn
42627,deoxycholate
42736,dexrazoxane
42769,licorice
42781,vitamin K2
42954,vitamin B6
42955,levocarnitine
43611,latanoprost
44151,clofarabine
44157,cladribine
44281,cevimeline
45045,avobenzone
46041,alendronate
46241,aluminum chloride
46243,aluminum stearate
46303,amisulpride
46307,amlexanox
46967,beractant
47070,beta sitosterol
47181,bismuth subcitrate
47461,butenafine
47579,cabergoline
47610,calcium alginate
47613,calcium citrate
47622,calcium lactate
47628,tricalcium phosphate
47633,calcium stearate
47686,carbamide peroxide
47858,methsuximide
47907,cetalkonium chloride
48203,clavulanate
48937,dexmedetomidine
49247,dofetilide
49276,doxazosin
49737,esmolol
50166,fosinopril
50610,goserelin
50975,histrelin
51272,quetiapine
51428,"insulin aspart, human"
51499,irinotecan
52105,lithium citrate
52151,lodoxamide
52175,losartan
52177,loteprednol etabonate
52356,magnesium citrate
52358,magnesium gluconate
52364,magnesium salicylate
52403,manganese gluconate
52582,mesalamine
52769,milrinone
52885,monofluorophosphate
53553,nattokinase
53654,nevirapine
53750,nonoxynol-9
54034,octoxynol-9
54365,pamabrom
54552,perindopril
54987,potassium acetate
54993,potassium citrate
55018,dibasic potassium phosphate
55672,rifabutin
55685,risedronic acid
56443,sodium acetate
56466,sodium citrate
56476,sodium gluconate
56512,sodium polystyrene sulfonate
56513,sodium propionate
56524,sodium tartrate
56795,sufentanil
56946,paclitaxel
57048,terlipressin
57258,tizanidine
57308,topotecan
58295,zinc acetate
58300,zinc gluconate
58301,zinc picolinate
58939,collagenase
59078,metaxalone
59087,Eucalyptus oil
59203,potassium chlorate
59308,chromium picolinate
59763,stavudine
59839,penciclovir
59943,imiquimod
60207,dorzolamide
60212,atovaquone
60223,adapalene
60307,entacapone
60548,exenatide
60819,bivalirudin
61148,somatropin
61381,olanzapine
61805,nitisinone
62130,cresol
62349,ethacrynate
62372,hyaluronate
62400,pantothenate
62427,ursodeoxycholate
66887,racepinephrine
67108,enoxaparin
67109,dalteparin
67257,myrrh extract
68091,dolasetron
68092,lanreotide
68099,famciclovir
68139,rocuronium
68147,cetrorelix
68149,mycophenolate mofetil
68244,lamivudine
68442,filgrastim
68446,pemetrexed
68503,ziconotide
68730,milbemycin oxime
68905,borage oil
69036,rufinamide
69120,tiotropium
69256,marbofloxacin
69440,policosanol
69627,tea tree oil
69634,sargramostim
69722,zanamivir
69749,valsartan
70223,aldesleukin
70561,palonosetron
70589,benzoate
70602,glutamate
70603,glycolate
70611,linoleate
70619,phenylacetate
71535,vecuronium
72031,pyruvate
72143,raloxifene
72236,fosphenytoin
72257,interferon beta-1b
72302,ropinirole
72385,wheat germ oil
72435,anakinra
72625,duloxetine
72937,tolcapone
72962,docetaxel
72965,letrozole
73032,remifentanil
73044,repaglinide
73056,risedronate
73137,tirofiban
73178,iloperidone
73455,doramectin
73494,telmisartan
73645,valacyclovir
73689,febuxostat
73710,paricalcitol
73891,black currant oil
74667,zaleplon
75207,bosentan
75635,eptifibatide
75917,interferon beta-1a
76895,reteplase
77492,tamsulosin
77655,zoledronic acid
81647,phenylbutyrate
81782,shark cartilage extract
81864,alitretinoin
82003,docusate
82088,Plantago seed
82122,levofloxacin
82242,chlorophyllin copper complex
82819,acamprosate
83008,bicalutamide
83171,cidofovir
83367,atorvastatin
83586,lufenuron
83818,irbesartan
83947,tazarotene
84108,rosiglitazone
84857,anastrozole
84959,imiglucerase
84990,gadobutrol
85248,alosetron
85762,ritonavir
86009,insulin lispro
87636,fexofenadine
88014,rizatriptan
88249,montelukast
89013,aripiprazole
89552,phenoxyethanol
89698,gamboge
89717,thymol iodide
89722,phenylmercuric nitrate
89778,ecothiopate
89781,"belladonna extract, USP"
89785,methscopolamine
89821,witch hazel
89886,"rabies immune globulin, human"
89887,Latrodectus mactans antivenin
89903,potassium gluconate
90176,iron
90249,natural graphite
90945,rosemary oil
90950,thyme oil
91263,aloe extract
91266,rhubarb preparation
91311,diflorasone
91327,octisalate
91472,shark liver oil
100213,Bifidobacterium infantis
100272,Lactobacillus delbrueckii subsp. bulgaricus
100278,Lacticaseibacillus rhamnosus
104125,bran
104129,ispaghula husk
105669,polysaccharide iron complex
105694,epoetin alfa
106212,calamine
107771,demecarium
108088,alclometasone
108118,mometasone
114202,lactate
114203,feverfew extract
114477,levetiracetam
114934,desirudin
114970,zafirlukast
114979,rabeprazole
115238,becaplermin
115264,ibandronate
115698,ziprasidone
117055,alemtuzumab
118886,verteporfin
119565,tolterodine
120608,peginterferon alfa-2a
121191,rituximab
121243,voriconazole
124150,dandelion extract
124323,grapefruit extract
125918,fennel seed preparation
125921,ginger root
125929,bilberry extract
132889,levonordefrin
134527,nelfinavir
134547,bendamustine
134568,bentoquatam
134615,brimonidine
134748,rasagiline
135391,olopatadine
135447,donepezil
135775,zolmitriptan
136034,ferrous lactate
136198,darifenacin
136411,sildenafil
137732,chromium nicotinic acid complex
138099,gemifloxacin
139462,moxifloxacin
139778,tegaserod
139825,insulin detemir
139896,enfuvirtide
139953,pramlintide
139994,oprelvekin
140108,caspofungin
140480,icodextrin
140587,celecoxib
141366,naratriptan
141626,colesevelam
141704,everolimus
142131,magnesium aspartate
142407,calcium ascorbate
153970,hyoscyamine
153974,chloride ion
155002,aminolevulinate
155046,pentosan polysulfate
155080,methacholine
155152,poloxamer 188
155155,poloxamer 407
159151,tocophersolan
183379,rivastigmine
187832,pregabalin
190376,linezolid
190521,abacavir
190548,tipranavir
191831,infliximab
194000,capecitabine
194098,S-benzoylmercaptoacetyltriglycine
194279,palivizumab
194337,vorinostat
194881,brinzolamide
195085,efavirenz
195088,lopinavir
196102,basiliximab
196213,fluoride ion
196238,soy protein isolate
196319,palifermin
203219,evening primrose oil
203223,digoxin antibodies Fab fragments
214342,calcium acetate
214354,candesartan
214355,Candida albicans allergenic extract
214470,denileukin diftitox
214485,dextran 1
214549,"estrogens, esterified (USP)"
214555,etanercept
214582,glatiramer
214688,magnesium lactate
214817,sacrosidase
214824,sevelamer
215648,compound benzoin tincture (USP)
215976,"magnesium, chelated"
220982,yohimbine
221050,"BCG, live, Tice strain"
221082,colloidal oatmeal
221147,polyethylene glycol 3350
221456,"alum, potassium"
223779,potassium bitartrate
224905,trastuzumab
227239,masoprocol
227518,follicle stimulating hormone
228041,Echinacea preparation
228476,gatifloxacin
228656,amprenavir
228783,frovatriptan
228790,dutasteride
231049,eletriptan
232539,calfactant
232540,red yeast rice
233272,bexarotene
233603,clevidipine
233698,dronedarone
234416,lanthanum carbonate
235461,aluminum subacetate
235479,"thyroid, porcine"
235496,"sodium phosphate, monobasic"
235524,licorice root extract
235535,carbomer
235787,Capsicum oleoresin
235935,dobesilic acid
236121,Echinacea angustifolia extract
236142,zinc aspartate
236154,black currant preparation
236238,burdock root extract
236279,devil's claw preparation
236344,saw palmetto extract
236381,poractant alfa
236388,levomenthol
236502,tribasic potassium phosphate
236664,chaste tree preparation
236665,black cohosh extract
236693,calcium saccharate
236718,sulfonated phenol
236719,"sodium phosphate, dibasic"
236741,magnesium sulfate heptahydrate
236778,trospium
236782,Saccharomyces boulardii
236797,alpha hydroxy acids
236872,chlorotheophylline
236911,zinc citrate
236953,guarana preparation
237023,spike lavender oil
237027,loteprednol
237058,thonzonium
237099,alpha tocopherol
237116,grape seed extract
237148,bismuth-formic-iodide
237159,levalbuterol
248123,cat hair extract
253157,bee pollen
253160,"chromium, chelated"
253163,dicalcium phosphate
253172,grape extract
253182,"insulin, regular, human"
253190,oat bran
253204,trisodium citrate
253206,valerian root extract
253337,bevacizumab
257844,mefenamate
258326,St. John's wort extract
258439,heavy mineral oil
258494,exemestane
259265,Ginkgo biloba leaf extract
259266,hops extract
259274,milk thistle seed extract
259277,"potassium,chelated"
259280,tenecteplase
259314,black pepper preparation
259320,plant stanol ester
259351,alpha-D-galactosidase enzyme
259372,fructooligosaccharide
259415,Echinacea angustifolia root extract
259436,dandelion root extract
259449,grapefruit seed extract
259471,Korean ginseng root extract
259513,Echinacea purpurea root extract
260012,salicin extract
260020,horse chestnut seed
260025,Echinacea purpurea extract
260038,Korean ginseng root
260040,evening primrose extract
260051,wasp venom protein
260101,oseltamivir
261435,sodium ferric gluconate complex
262150,iron carbonyl
262263,skullcap preparation
263034,panitumumab
266604,metyrosine
267366,sodium ascorbate
273888,calcium threonate
274332,nateglinide
274403,mecasermin
274771,nelarabine
274783,insulin glargine
274964,ciclesonide
275635,desloratadine
275891,valganciclovir
276237,emtricitabine
278739,pegvisomant
279645,almotriptan
282357,fulvestrant
282388,imatinib
282446,posaconazole
283540,apple pectin
283541,barley grain
283567,green tea leaf extract
283677,corn silk preparation
283678,quaternium-15
283742,esomeprazole
283753,perflutren
283809,travoprost
283810,bimatoprost
283821,rasburicase
283829,cider vinegar
283838,darbepoetin alfa
284110,Fe heme polypeptide
284637,hylan G-F 20
285148,Bifidobacterium bifidum
285156,Limosilactobacillus reuteri
285157,Matricaria recutita extract
285170,yellow jacket venom protein
285193,red clover preparation
285208,Arnica montana extract
285219,Apis mellifera preparation
285223,cat's claw preparation
285243,alfalfa preparation
285279,honey preparation
287515,soybean preparation
298665,nepafenac
298869,eplerenone
298983,ponazuril
299081,spinosad
300195,tenofovir disoproxil
301542,rosuvastatin
302285,conivaptan
302379,omalizumab
304962,arformoterol
306266,entecavir
306674,vardenafil
314301,"albumin,iodinated I-131 serum"
314415,Mucor plumbeus allergenic extract
314443,Rhizopus arrhizus allergenic extract
314455,silk allergenic extract
314488,corn smut allergenic extract
314504,anti-inhibitor coagulant complex
314517,belladonna leaf extract
314583,D-biotin
314605,egg yolk phospholipids
314647,glyceryl monolaurate
314684,"insulin lispro protamine, human"
314718,magnesium acetate
314774,pentetate pentasodium
314797,potassium lactate
314826,"silicon dioxide, colloidal"
314832,sodium lauryl sulfoacetate
314881,undecylenate
314896,wheat germ preparation
317176,"albumin,aggregated"
317825,horse chestnut preparation
318224,flaxseed extract
318341,cetuximab
319779,asafetida extract
319780,Capsicum extract
319823,thyme preparation
319826,beets preparation
319864,cisatracurium
321064,olmesartan
321208,fondaparinux
321952,pimecrolimus
321988,escitalopram
322167,solifenacin
324014,boron citrate
324040,Podophyllum preparation
324072,dimethicone
325526,ginseng preparation
325527,cilantro extract
325642,ertapenem
325646,aliskiren
325887,micafungin
326374,norelgestromin
327361,adalimumab
328134,gefitinib
337068,methyl 5-aminolevulinate
337523,ixabepilone
337525,erlotinib
337623,dornase alfa
338036,pegfilgrastim
338817,agalsidase beta
341018,anidulafungin
341248,ezetimibe
341379,nitenpyram
342369,lenalidomide
343047,atazanavir
343048,treprostinil
349948,Sarracenia purpurea preparation
349978,oat smut allergenic extract
350141,saccharomyces cerevisiae allergenic extract
350173,house fly allergenic extract
352372,dexmethylphenidate
352385,"insulin aspart protamine, human"
354770,natalizumab
356834,deracoxib
356887,levocetirizine
357977,sunitinib
358255,aprepitant
358257,tolvaptan
358258,bortezomib
358262,fosamprenavir
358263,tadalafil
358274,ambrisentan
360262,apple cider vinegar
360375,fenugreek seed preparation
382272,"linoleic acids, conjugated"
384455,tigecycline
386938,follitropin alfa
392509,laronidase
393540,laureth-4
400008,"insulin glulisine, human"
401713,carglumic acid
402316,miglustat
407990,cinacalcet
460132,darunavir
461016,eszopiclone
465118,Trichophyton antigen
465953,cat dander allergenic extract
466192,Aspergillus fumigatus allergenic extract
466195,Botrytis cinerea allergenic extract
466197,Chaetomium globosum allergenic extract
466198,Cladosporium herbarum allergenic extract
466570,pumpkin seed oil
473387,ferumoxytol
473837,telavancin
475230,degarelix
475342,dasatinib
475968,liraglutide
475969,etravirine
476786,aloe polysaccharide
476818,magnesium glycinate
477053,cinnamon bark
477454,"collagen, hydrolyzed"
480167,lapatinib
480639,alvimopan
484348,omega-3 acid ethyl esters (USP)
485858,boswellia preparation
486895,magnesium amino acid chelate
486961,phosphate ion
487252,Spirulina
495881,sorafenib
544488,botulism immune globulin IV human
577312,"mineral oil, light"
578033,galsulfase
578377,Polypodium leucotomos
579598,soybean lecithin
579893,cornsilk
580119,stinging nettle extract
581398,citrus pectin
588003,meclofenamate
588250,milnacipran
591622,varenicline
591781,eculizumab
592464,articaine
593411,sitagliptin
594680,docosanol
595060,ranibizumab
596205,ramelteon
596724,anagrelide
597392,human vaccinia immune globulin
606396,"secretin human, synthetic"
612865,tocilizumab
612937,interferon alfa-n3
613391,prasugrel
614373,deferasirox
614391,abatacept
616739,rotigotine
618060,thioctate
618278,azelate
618564,trichloroacetate
618597,eicosapentaenoate
618974,4-aminobenzoate
619693,peramivir
620216,maraviroc
623033,lubiprostone
623400,lacosamide
629565,alglucosidase alfa
637366,wheat dextrin
641465,armodafinil
642274,retapamulin
644101,idursulfase
644718,ferrous asparto glycinate
657797,temsirolimus
658708,ecallantide
662019,pralatrexate
662281,nilotinib
670544,Sanguinaria canadensis root extract
679314,paliperidone
684879,pyridoxine
692863,iodine povacrylex
700810,lisdexamfetamine
709271,certolizumab pegol
711942,eltrombopag
712566,ofatumumab
714438,pazopanib
719872,raltegravir
720825,silodosin
729596,methoxy polyethylene glycol-epoetin beta
733003,plerixafor
734064,desvenlafaxine
746741,pramipexole
748794,inert ingredients
753340,sapropterin
753346,sinecatechins
762595,Salmonella typhi Ty21a live antigen
762817,rubella virus vaccine live (Wistar RA 27-3 strain)
763096,"poliovirus vaccine inactivated, type 1 (Mahoney)"
763098,"poliovirus vaccine inactivated, type 2 (MEF-1)"
763100,"poliovirus vaccine inactivated, type 3 (Saukett)"
763450,rilonacept
784649,asenapine
787390,tapentadol
797195,fesoterodine
797541,isopropyl alcohol
797629,Neisseria meningitidis serogroup A capsular polysaccharide diphtheria toxoid protein conjugate vaccine
797631,Neisseria meningitidis serogroup C capsular polysaccharide diphtheria toxoid protein conjugate vaccine
797633,Neisseria meningitidis serogroup W-135 capsular polysaccharide diphtheria toxoid protein conjugate vaccine
797635,Neisseria meningitidis serogroup Y capsular polysaccharide diphtheria toxoid protein conjugate vaccine
797752,hepatitis B surface antigen vaccine
798220,Streptococcus pneumoniae serotype 14 capsular antigen diphtheria CRM197 protein conjugate vaccine
798222,Streptococcus pneumoniae serotype 18C capsular antigen diphtheria CRM197 protein conjugate vaccine
798224,Streptococcus pneumoniae serotype 19F capsular antigen diphtheria CRM197 protein conjugate vaccine
798226,Streptococcus pneumoniae serotype 23F capsular antigen diphtheria CRM197 protein conjugate vaccine
798228,Streptococcus pneumoniae serotype 4 capsular antigen diphtheria CRM197 protein conjugate vaccine
798230,Streptococcus pneumoniae serotype 6B capsular antigen diphtheria CRM197 protein conjugate vaccine
798232,Streptococcus pneumoniae serotype 9V capsular antigen diphtheria CRM197 protein conjugate vaccine
798262,"L1 protein, human papillomavirus type 11 vaccine"
798264,"L1 protein, human papillomavirus type 16 vaccine"
798266,"L1 protein, human papillomavirus type 18 vaccine"
798268,"L1 protein, human papillomavirus type 6 vaccine"
798279,"Haemophilus influenzae type b, capsular polysaccharide inactivated tetanus toxoid conjugate vaccine"
798286,human-bovine reassortant rotavirus strain G1 vaccine
798288,human-bovine reassortant rotavirus strain G2 vaccine
798290,human-bovine reassortant rotavirus strain G3 vaccine
798292,human-bovine reassortant rotavirus strain G4 vaccine
798294,human-bovine reassortant rotavirus strain P1A[8] vaccine
798302,"acellular pertussis vaccine, inactivated"
798304,"diphtheria toxoid vaccine, inactivated"
798306,"tetanus toxoid vaccine, inactivated"
798361,hepatitis A vaccine (inactivated) strain HM175
798372,"mumps virus vaccine live, Jeryl Lynn strain"
798444,Haemophilus influenzae b (Ross strain) capsular polysaccharide meningococcal protein conjugate vaccine
798467,"smallpox vaccine live, New York City Board of Health vaccinia strain"
802755,liver stomach concentrate
804179,"measles virus vaccine live, Enders' attenuated Edmonston strain"
804187,yellow fever virus strain 17D-204 live antigen
805452,romiplostim
805573,"rotavirus vaccine, live attenuated, G1P[8] human 89-12 strain"
807219,"typhoid Vi polysaccharide vaccine, S typhi Ty2 strain"
813859,rabbit allergenic extract
816346,dexlansoprazole
819300,golimumab
819911,besifloxacin
819929,butafosfan
824547,acai extract
828529,"albumin human, USP"
830457,rabies virus vaccine flury-lep strain
830464,"rabies virus vaccine wistar strain PM-1503-3M (human), inactivated"
845525,"Japanese encephalitis virus vaccine, inactivated"
847083,ustekinumab
847728,lumefantrine
851732,Acacia pollen extract
851736,coast maple pollen extract
851740,box elder maple pollen extract
851744,red maple pollen extract
851866,silver maple pollen extract
851870,redtop grass pollen extract
851874,hard maple pollen extract
851878,orchard grass pollen extract
851882,sisal fiber allergenic extract
851890,tree of heaven pollen extract
851894,iodine bush pollen extract
851898,sweet vernal grass pollen extract
851902,tag alder pollen extract
851906,Bermuda grass pollen extract
851910,white alder pollen extract
851914,red alder pollen extract
851918,meadow fescue grass pollen extract
851926,careless weed pollen extract
851930,redroot pigweed pollen extract
851934,western waterhemp pollen extract
851938,false ragweed pollen extract
851949,cat skin extract
851969,rabbit bush pollen extract
851981,desert ragweed pollen extract
851985,western ragweed pollen extract
851994,Timothy grass pollen extract
851998,giant ragweed pollen extract
852007,wormwood sage pollen extract
852011,coast sage pollen extract
852015,corn pollen extract
852020,common sagebrush pollen extract
852025,cocklebur pollen extract
852029,mugwort sage pollen extract
852046,nettle pollen extract
852054,American elm pollen extract
852062,tobacco leaf allergenic extract
852074,wing scale pollen extract
852079,dandelion pollen extract
852087,shad scale pollen extract
852096,lens scale pollen extract
852102,Aureobasidium pullulans var. pullutans allergenic extract
852114,cultivated oat pollen extract
852128,Johnson grass smut allergenic extract
852132,sugar beet pollen extract
852136,Johnson grass pollen extract
852144,cherry birch pollen extract
852148,river birch pollen extract
852152,greasewood pollen extract
852158,Russian thistle pollen extract
852162,black willow pollen extract
852166,water birch pollen extract
852170,arroyo willow pollen extract
852174,pussy willow pollen extract
852178,gray birch pollen extract
852193,white hickory pollen extract
852197,grama grass pollen extract
852209,yellow dock pollen extract
852213,sheep sorrel pollen extract
852217,smooth brome pollen extract
852221,shagbark hickory pollen extract
852225,cheat grass pollen extract
852229,Australian pine pollen extract
852237,lambs quarters pollen extract
852252,domestic goat skin extract
852256,domestic cow skin extract
852260,black oak pollen extract
852268,red oak pollen extract
852272,pecan pollen extract
852276,Gambels oak pollen extract
852281,hazelnut pollen extract
852294,white oak pollen extract
852298,guinea pig skin extract
852302,coast live oak pollen extract
852315,kapok tree fiber allergenic extract
852320,mesquite pollen extract
852324,hackberry pollen extract
852329,salt grass pollen extract
852339,aspen pollen extract
852343,quackgrass pollen extract
852348,Lombardy poplar pollen extract
852355,Fremont cottonwood pollen extract
852363,eastern cottonwood pollen extract
852367,Russian olive pollen extract
852376,black cottonwood pollen extract
852382,white poplar pollen extract
852386,Eucalyptus globulus pollen extract
852398,Cochliobolus sativus allergenic extract
852412,jute fiber allergenic extract
852419,beech pollen extract
852440,cottonseed allergenic extract
852450,white ash pollen extract
852466,Epicoccum nigrum allergenic extract
852479,horse skin extract
852491,green ash pollen extract
852496,Arizona ash pollen extract
852509,sunflower pollen extract
852514,velvet grass pollen extract
852526,burrobrush pollen extract
852532,rough marshelder pollen extract
852539,poverty weed pollen extract
852551,burweed marshelder pollen extract
852561,California black walnut pollen extract
852569,black walnut pollen extract
852577,English walnut pollen extract
852581,mountain cedar pollen extract
852589,western juniper pollen extract
852593,burning bush pollen extract
852597,Utah juniper pollen extract
852601,Rocky Mountain juniper pollen extract
852605,Koelers grass pollen extract
852609,red cedar pollen extract
852617,karaya gum extract
852622,privet pollen extract
852627,sweet gum pollen extract
852634,alfalfa pollen extract
852653,european olive pollen extract
852659,western wheatgrass pollen extract
852663,Syrian hamster skin extract
852669,white mulberry pollen extract
852673,bahia grass pollen extract
852680,red mulberry pollen extract
852687,Mucor racemosus allergenic extract
852693,house mouse skin extract
852697,canary grass pollen extract
852704,date palm pollen extract
852709,shortleaf pine pollen extract
852716,yellow pine pollen extract
852738,eastern white pine pollen extract
852742,English plantain pollen extract
852746,eastern sycamore pollen extract
852750,western sycamore pollen extract
852797,wheat smut allergenic extract
852806,salt cedar pollen extract
852814,Arizona cypress pollen extract
852819,perennial rye grass pollen extract
852834,Kentucky bluegrass pollen extract
852839,hog skin extract
853406,cottonseed extract
853491,canakinumab
854025,Canis lupus familiaris hair extract
854082,Aspergillus niger var. niger extract
854130,Penicillium chrysogenum var. chrysogenum allergenic extract
854163,European honey bee venom protein
854930,Streptococcus pneumoniae type 1 capsular polysaccharide antigen
854932,Streptococcus pneumoniae type 10A capsular polysaccharide antigen
854934,Streptococcus pneumoniae type 11A capsular polysaccharide antigen
854936,Streptococcus pneumoniae type 12F capsular polysaccharide antigen
854938,Streptococcus pneumoniae type 14 capsular polysaccharide antigen
854940,Streptococcus pneumoniae type 15B capsular polysaccharide antigen
854942,Streptococcus pneumoniae type 17F capsular polysaccharide antigen
854944,Streptococcus pneumoniae type 18C capsular polysaccharide antigen
854946,Streptococcus pneumoniae type 19A capsular polysaccharide antigen
854948,Streptococcus pneumoniae type 19F capsular polysaccharide antigen
854950,Streptococcus pneumoniae type 2 capsular polysaccharide antigen
854952,Streptococcus pneumoniae type 20 capsular polysaccharide antigen
854954,Streptococcus pneumoniae type 22F capsular polysaccharide antigen
854956,Streptococcus pneumoniae type 23F capsular polysaccharide antigen
854958,Streptococcus pneumoniae type 3 capsular polysaccharide antigen
854960,Streptococcus pneumoniae type 33F capsular polysaccharide antigen
854962,Streptococcus pneumoniae type 4 capsular polysaccharide antigen
854964,Streptococcus pneumoniae type 5 capsular polysaccharide antigen
854966,Streptococcus pneumoniae type 6B capsular polysaccharide antigen
854968,Streptococcus pneumoniae type 7F capsular polysaccharide antigen
854970,Streptococcus pneumoniae type 8 capsular polysaccharide antigen
854972,Streptococcus pneumoniae type 9N capsular polysaccharide antigen
854974,Streptococcus pneumoniae type 9V capsular polysaccharide antigen
857974,saxagliptin
861634,pitavastatin
862453,barley allergenic extract
862460,casein allergenic extract
862475,goat milk allergenic extract
862478,green bell pepper allergenic extract
863035,bepotastine
867198,Cladosporium cladosporioides extract
867218,dogfennel pollen extract
867232,Helminthosporium solani allergenic extract
867260,southern bayberry pollen extract
867274,neurospora intermedia allergenic extract
867297,plains cottonwood pollen extract
867311,live oak pollen extract
867325,black locust pollen extract
867341,red imported fire ant allergenic extract
867353,queen palm pollen extract
867357,Trichophyton mentagrophytes allergenic extract
867361,wheat pollen extract
877015,levoleucovorin
877510,romidepsin
880350,krill oil
883459,pumpkin allergenic extract
885183,Agkistrodon piscivorus antivenin
885185,Crotalus adamanteus antivenin
885187,Crotalus atrox antivenin
885189,Crotalus scutulatus antivenin
885750,southern ragweed pollen extract
886638,cat flea allergenic extract
891502,arabica coffee bean allergenic extract
891514,brazil nut allergenic extract
891611,coconut allergenic extract
891633,hazelnut allergenic extract
891637,kidney bean allergenic extract
891641,lima bean allergenic extract
891647,mung bean allergenic extract
891652,nutmeg allergenic extract
891658,peanut allergenic extract
891668,soybean allergenic extract
891676,string bean allergenic extract
891687,English walnut allergenic extract
891695,black walnut allergenic extract
891721,cocoa bean allergenic extract
891727,coffee bean allergenic extract
891771,apple allergenic extract
891796,asparagus allergenic extract
891830,banana allergenic extract
892317,wine grape allergenic extract
892332,pecan allergenic extract
892368,carrot allergenic extract
892372,celery allergenic extract
892484,strawberry allergenic extract
892499,tomato allergenic extract
892503,tuna allergenic extract
892507,almond allergenic extract
892517,cantaloupe allergenic extract
892526,cashew nut allergenic extract
892539,clam allergenic extract
892543,codfish allergenic extract
892547,corn allergenic extract
892561,lobster allergenic extract
892565,orange allergenic extract
892569,pea allergenic extract
892575,peach allergenic extract
892592,shrimp allergenic extract
892599,beef allergenic extract
892610,crab allergenic extract
892616,egg white (chicken) allergenic extract
892620,egg yolk (chicken) allergenic extract
892628,pork allergenic extract
892632,potato allergenic extract
892638,rye allergenic extract
892653,chicken allergenic extract
892665,cow milk allergenic extract
892851,duck feather extract
894783,goose feather extract
894934,chicken feather extract
894987,dog skin extract
895062,hamster skin extract
895070,Mongolian gerbil skin allergenic extract
895195,European rabbit skin extract
895279,rat skin extract
895495,dog hair extract
895574,apricot allergenic extract
895582,avocado allergenic extract
895919,spiny pigweed pollen extract
896135,short ragweed pollen extract
896246,dark leaved mugwort pollen extract
897018,dalfampridine
897304,allscale pollen extract
897316,saltbush pollen extract
897403,orange pollen extract
898492,collagenase Clostridium histolyticum
899355,basil allergenic extract
899359,sugar beet allergenic extract
899363,black pepper allergenic extract
899378,blackberry allergenic extract
899386,broccoli allergenic extract
899394,buckwheat allergenic extract
899398,cabbage allergenic extract
899414,garlic allergenic extract
899420,ginger allergenic extract
899424,grapefruit allergenic extract
899444,lentil allergenic extract
899448,lettuce allergenic extract
899466,onion allergenic extract
899470,plum allergenic extract
899476,honeydew melon allergenic extract
899480,hops allergenic extract
899593,mulberry pollen extract
899661,cauliflower allergenic extract
899673,cinnamon allergenic extract
899724,clove allergenic extract
899734,cranberry allergenic extract
899738,cucumber allergenic extract
899877,parsley allergenic extract
899883,pear allergenic extract
899895,pineapple allergenic extract
899906,raspberry allergenic extract
900031,Atlantic salmon allergenic extract
900045,Oregon ash pollen extract
900108,oneseed juniper pollen extract
900113,redberry juniper pollen extract
900148,giant wild rye pollen extract
900743,western white pine pollen extract
900770,loblolly pine pollen extract
900987,Garrys oak pollen extract
900991,bur oak pollen extract
901011,post oak pollen extract
901199,sesame seed allergenic extract
901203,sunflower seed allergenic extract
901258,watermelon allergenic extract
901291,vanilla bean allergenic extract
901299,whole wheat allergenic extract
901303,sweet cherry allergenic extract
901307,sweet potato allergenic extract
901313,spearmint allergenic extract
901317,spinach allergenic extract
901337,rice allergenic extract
901351,flaxseed allergenic extract
901369,cultivated mushroom allergenic extract
901382,lemon allergenic extract
901505,Neisseria meningitidis serogroup A oligosaccharide diphtheria CRM197 protein conjugate vaccine
901507,Neisseria meningitidis serogroup C oligosaccharide diphtheria CRM197 protein conjugate vaccine
901509,Neisseria meningitidis serogroup W-135 oligosaccharide diphtheria CRM197 protein conjugate vaccine
901511,Neisseria meningitidis serogroup Y oligosaccharide diphtheria CRM197 protein conjugate vaccine
901620,Streptococcus pneumoniae serotype 1 capsular antigen diphtheria CRM197 protein conjugate vaccine
901624,Streptococcus pneumoniae serotype 19A capsular antigen diphtheria CRM197 protein conjugate vaccine
901628,Streptococcus pneumoniae serotype 3 capsular antigen diphtheria CRM197 protein conjugate vaccine
901631,Streptococcus pneumoniae serotype 5 capsular antigen diphtheria CRM197 protein conjugate vaccine
901633,Streptococcus pneumoniae serotype 6A capsular antigen diphtheria CRM197 protein conjugate vaccine
901636,Streptococcus pneumoniae serotype 7F capsular antigen diphtheria CRM197 protein conjugate vaccine
901805,velaglucerase alfa
901845,Alternaria alternata allergenic extract
903913,broad leaved paperbark pollen extract
904507,egg (chicken) allergenic extract
904554,karaya gum allergenic extract
904606,pistachio nut allergenic extract
905070,Acremonium strictum allergenic extract
905258,American cockroach allergenic extract
905276,German cockroach allergenic extract
905301,arabic gum allergenic extract
966696,orange pekoe tea allergenic extract
966925,cotton fiber allergenic extract
966979,Paecilomyces variotii allergenic extract
967529,Rhodotorula mucilaginosa allergenic extract
967721,Rhizopus stolonifer allergenic extract
967921,house fly extract
968170,polidocanol
968197,Trichoderma harzianum allergenic extract
968413,Trichophyton rubrum allergenic extract
968426,Trichothecium roseum allergenic extract
968437,loose wheat smut allergenic extract
968475,loose oat smut allergenic extract
968492,loose barley smut allergenic extract
968631,chia seed oil
969119,Echinacea pallida root extract
971379,green olive allergenic extract
971849,lamb allergenic extract
971932,oat allergenic extract
972601,eggplant allergenic extract
974650,black olive allergenic extract
974687,radish allergenic extract
974741,mosquito allergenic extract
974779,obinutuzumab
975119,turkey allergenic extract
979384,North American coral snake antivenin
992920,sodium chlorite
993243,benzenesulfonic acid
993449,denosumab
995505,tylosin
995600,rough cocklebur pollen extract
995699,cochliobolus spicifer allergenic extract
995707,epidermophyton floccosum allergenic extract
995743,Canada goldenrod pollen extract
995747,bald cypress pollen extract
995754,American basswood pollen extract
996051,cabazitaxel
997261,sipuleucel-T
997602,citicoline
999384,Aspergillus flavus allergenic extract
999463,Geotrichum candidum allergenic extract
1000082,alcaftadine
1000492,resveratrol
1000577,microcrystalline cellulose
1005921,ulipristal
1006297,Aspergillus niger var. niger allergenic extract
1006371,mango blossom pollen extract
1006397,aminopentamide
1006469,doconexent
1006510,barley malt allergenic extract
1009342,oxibendazole
1010926,kiwi fruit allergenic extract
1010954,licorice allergenic extract
1010965,oregano allergenic extract
1011060,lime allergenic extract
1011404,mango allergenic extract
1011412,tangerine allergenic extract
1011426,papaya allergenic extract
1011450,didecyldimethylammonium chloride
1011627,sage leaf allergenic extract
1011633,white pepper allergenic extract
1011650,pegloticase
1012134,sour cherry allergenic extract
1012892,fingolimod
1013913,scrub pine pollen extract
1013944,water oak pollen extract
1014191,cedar elm pollen extract
1014340,Italian rye grass pollen extract
1014360,longleaf pine pollen extract
1014385,Bermuda grass smut allergenic extract
1014399,microsporum canis allergenic extract
1014711,sugarcane allergenic extract
1014721,California black oak pollen extract
1014774,cultivated rye grass pollen extract
1037042,dabigatran etexilate
1039062,corn starch
1040004,ceftaroline fosamil
1040005,ceftaroline
1040028,lurasidone
1044584,tesamorelin
1044975,nicotinamide adenine dinucleotide (NAD)
1044977,panthenol
1045453,eribulin
1047072,moxidectin
1085787,butylscopolamine
1086769,vilazodone
1088438,6-O-palmitoylascorbic acid
1091643,azilsartan
1091836,roflumilast
1091919,romifidine
1092437,belimumab
1094833,ipilimumab
1098353,orris root allergenic extract
1098413,vandetanib
1099660,xylazine
1099933,adenovirus type 4 vaccine live
1099937,adenovirus type 7 vaccine live
1100072,abiraterone
1100699,linagliptin
1102188,ferrous bisglycinate
1102270,rilpivirine
1110783,pimobendan
1111024,valley oak pollen extract
1111103,fidaxomicin
1112973,belatacept
1114195,rivaroxaban
1114345,bronopol
1114883,turmeric extract
1116632,ticagrelor
1116977,American house dust mite allergenic extract
1116979,European house dust mite allergenic extract
1117083,weakleaf bur ragweed pollen extract
1119986,Centruroides (scorpion) immune F(ab')2 (equine)
1145945,toceranib
1147220,vemurafenib
1147320,brentuximab vedotin
1148138,icatibant
1148495,crizotinib
1150096,Bifidobacterium longum
1192968,Hypomyces perniciosus allergenic extract
1193326,ruxolitinib
1232150,aflibercept
1232311,Salix nigra bark extract
1232405,pyrethrum extract
1232630,tragacanth allergenic extract
1236136,tocopherol
1242127,glucarpidase
1242987,vismodegib
1242999,axitinib
1243041,ivacaftor
1244607,tafluprost
1246101,pomegranate fruit extract
1250203,robenacoxib
1291301,avanafil
1291425,docosaenoic acid
1291609,taliglucerase alfa
1292422,varicella-zoster virus vaccine live (Oka-Merck) strain
1294580,gemtuzumab ozogamicin
1294628,common paper wasp venom protein
1294630,metricus paper wasp venom protein
1294632,northern paper wasp venom protein
1294634,red paper wasp venom protein
1297525,bald-faced hornet venom protein
1297527,common wasp venom protein
1297529,eastern yellow jacket venom protein
1297531,German wasp venom protein
1297533,southern yellow jacket venom protein
1297535,western yellow jacket venom protein
1297537,yellow hornet venom protein
1298944,pertuzumab
1299884,ammonia
1299981,Siberian elm pollen extract
1300786,mirabegron
1302966,carfilzomib
1303098,aclidinium
1304974,icosapent ethyl
1305515,"1,1-difluoroethane"
1305532,tangerine peel extract
1305536,apricot kernal oil PEG-6 esters
1305545,Eucalyptus globulus leaf extract
1305547,titanium
1305548,hexylene glycol
1305549,Camellia oleifera leaf extract
1305550,Cannabis sativa seed oil
1305552,1-methyl-2-pyrrolidinone
1305554,alcloxa
1305559,ammonium acryloyldimethyltaurate
1305564,quinoline yellow
1305567,"D&C yellow no. 10, aluminum lake"
1305574,FD&C yellow no. 6
1305578,tartrazine
1305581,D&C yellow no.11
1305582,ferric oxide yellow
1305600,capryloyl glycine
1305601,carbomer interpolymer type A (allyl sucrose crosslinked)
1305608,fennel oil
1305633,Chamaecyparis obtusa wood oil
1305634,"cinnamon oil, bark"
1305638,almond oil
1305642,argan oil
1305648,Azadirachta indica seed oil
1305649,babassu oil
1305651,bergamot oil
1305652,Boswellia serrata resin oil
1305653,wormwood oil
1305654,West Indian lemongrass oil
1305656,star anise oil
1305657,spearmint oil
1305658,sheanut oil
1305659,Salix alba bark volatile oil
1305660,Santalum spicatum oil
1305661,sage oil
1305662,Rosa moschata oil
1305663,Rosa damascena flower oil
1305664,Rosa centifolia flower oil
1305669,polyoxyl 40 hydrogenated castor oil
1305670,pine needle oil (pinus sylvestris)
1305715,rosa canina fruit oil
1305716,mandarin oil
1305719,cucumber extract
1305720,Chinese cinnamon extract
1305724,coco diethanolamide
1305727,hydroxyethyl cellulose (140 CPSat 5%)
1305728,peg-150 disetearate
1305738,carbomer homopolymer type c
1305739,ethylcellulose (100 MPA S)
1305743,Ilex paraguariensis leaf extract
1305744,cyclomethicone 5
1305748,glycereth-2 cocoate
1305749,glyceryl behenate
1305758,povidone K29-32
1305761,Saposhnikovia divaricata root extract
1305763,"milk fat, cow"
1306057,white pine oil
1306058,Tribulus terrestris root extract
1306060,Thermus thermophilus lysate
1306061,tetrakis(1-isocyano-2-methoxy-2-methyl-propane)-copper(i) tetrafluoroborate
1306063,zinc glycinate
1306066,silver citrate
1306095,pomegranate seed oil
1306098,aluminum sulfate tetradecahydrate
1306100,bicisate
1306120,Platycladus orientalis seed extract
1306128,aloe vera leaf extract
1306130,grapefruit seed oil
1306132,Citrus reticulata leaf oil
1306133,Citrus sinensis flower oil
1306136,copiba oil
1306144,cranberry seed oil
1306145,cucumber fruit oil
1306146,Cymbopogon schoenanthus oil
1306148,Chinese cinnamon leaf oil
1306152,Citrus limon fruit oil
1306154,Citrus maxima fruit rind oil
1306155,Brassica rapa var. rapa oil
1306157,Cedrus atlantica bark oil
1306159,Brassica napus oil
1306160,Calophyllum tacamahaca seed oil
1306161,Camellia japonica seed oil
1306165,Althaea officinalis root extract
1306166,Arnica montana flower extract
1306167,Angelica dahurica root extract
1306169,Bambusa arundinacea stem extract
1306171,Bambusa vulgaris stem extract
1306175,cetyl betaine
1306178,cetyl ethylhexanoate
1306180,cetyl myristate
1306182,cetyl oleate
1306184,cetyl phosphate
1306185,cetylhydroxyproline palmitamide
1306188,neopentyl glycol diheptanoate
1306193,Bellis perennis flower extract
1306194,Chamaemelum nobile flower extract
1306195,Chenopodium quinoa seed extract
1306197,Acorus gramineus root extract
1306198,ammonio methacrylate copolymer type B
1306203,Chysanthellum indicum top extract
1306205,Citrus aurantium flower extract
1306207,Citrus maxima fruit rind extract
1306209,Citrus maxima seed extract
1306210,hydrogenated polybutene (370 MW)
1306212,Arctostaphylos uva-ursi leaf extract
1306235,Equisetum arvense top extract
1306284,cobicistat
1306286,elvitegravir
1306885,Momordica charantia fruit extract
1306933,ascorbyl glucoside
1306937,butylparaben
1306940,cetyl PEG-PPG-10-1 dimethicone (HLB 1.5)
1306941,cetyl PEG-PPG-10-1 dimethicone (HLB 5)
1306944,ammonium laureth-5 sulfate
1306946,brown iron oxide
1306947,cocamine oxide
1306948,butyloctyl salicylate
1307035,Lens culinaris fruit extract
1307037,hexanediol
1307038,decyl oleate
1307040,Aspergillus flavus var. oryzae protease
1307041,PEG-6 cocamide
1307042,polyhydroxystearic acid (2300 MW)
1307043,apricot juice
1307046,polyoxyl 20 cetostearyl ether
1307048,diethylhexyl carbonate
1307049,Litchi fruit extract
1307079,methyl benzoin
1307080,cyclomethicone
1307081,cyclomethicone 6
1307087,Caesalpinia spinosa resin
1307090,pentaerythrityl tetrastearate
1307091,heptyl undecylenate
1307093,stearamidopropyl PG-dimonium chloride phosphate
1307094,amnonium acryloyldimethyltaurate - vp copolymer
1307096,PEG-12 glyceryl dimyristate
1307097,triethylamine
1307098,PEG-7 glyceryl cocoate
1307100,neopentyl glycol dicaprylate-dicaprate
1307102,allyl sucrose
1307106,succinate
1307143,silk amino acids
1307145,caprylhydroxamic acid
1307148,neopentyl glycol diethylhexanoate
1307152,glyceryl caprylate
1307156,butylphenyl methylpropional
1307298,enzalutamide
1307310,caprylic(capric mono)diglcyerides
1307312,polyethylene glycol 8000
1307313,polyethylene glycol 800
1307314,robusta coffee bean extract
1307404,linaclotide
1307539,Morus nigra root extract
1307542,Astrocaryum murumuru seed butter extract
1307543,Agave tequilana leaf extract
1307547,Camellia japonica flower extract
1307549,Cymbopogon citratus leaf extract
1307550,Polygonatum odoratum root extract
1307553,Filipendula ulmaria flower extract
1307558,aminopropyl ascorbyl phosphate
1307562,coconut acid
1307563,cucumber juice
1307564,Epilobium angustifolium flowering top extract
1307565,ammonium laureth-2 sulfate
1307568,Rosa damascena flower extract
1307569,beheneth-10
1307571,"1,4-sorbitan"
1307573,Angelica pubescens root extract
1307578,Oenothera biennis leaf extract
1307580,Salvia miltiorrhiza root extract
1307581,Magnolia grandiflora bark extract
1307582,Malva sylvestris leaf extract
1307589,Cassia fistula fruit extract
1307593,Sophora flavescens root extract
1307594,Cedrus atlantica bark extract
1307596,Equisetum arvense branch extract
1307598,Glycyrrhiza inflata root extract
1307599,Pelargonium graveolens flowering top extract
1307605,Theobroma grandiflorum seed butter extract
1307606,Avena sativa leaf extract
1307609,Dendranthema indicum flower extract
1307612,Phellodendron chinensis bark extract
1307619,bosutinib
1307636,Hamamelis virginiana flower water extract
1307637,Echinacea purpurea flowering top extract
1307638,Lepidium meyenii root extract
1307639,Schizonepeta tenuifolia flowering top extract
1307640,Azadirachta indica leaf extract
1307641,Borago officinalis seed extract
1307643,Withania somnifera flower extract
1307645,Aspalathus linearis leaf extract
1307646,Pogostemon cablin top extract
1307648,Annickia chlorantha bark extract
1307649,Artemisia argyi leaf extract
1307658,Thymus vulgaris leaf extract
1307661,Azadirachta indica bark extract
1307673,Echinacea angustifolia leaf extract
1307676,hydrogenated palm oil
1307680,aminomethyl propanediol
1307683,hydrogenated coconut oil
1307684,Eucalyptus polybractea leaf oil
1307685,galbanum oil
1307687,Pueraria montana var. chinensis root extract
1307688,polyoxyl 60 hydrogenated castor oil
1307691,Mentha arvensis leaf oil
1307693,rosewood oil
1307694,FD&C blue #1 aluminum lake
1307696,Polygonatum multiflorum root extract
1307701,Yucca schidigera root extract
1307702,Musa x paradisiaca leaf extract
1307704,Hypericum perforatum leaf extract
1307705,Pelargonium graveolens flower oil
1307708,rice germ oil
1307712,Morus alba root extract
1307716,Tilia cordata flower extract
1307719,Atractylodes lancea root extract
1307721,white mulberry extract
1307722,oat kernel oil
1307723,raspberry juice
1307726,Panax ginseng flower extract
1307730,Matricaria recutita flowering top extract
1307731,Paeonia lactiflora root extract
1307733,cucumber seed extract
1307740,Helianthus annuus seed wax extract
1307741,rapeseed sterol extract
1307745,Nymphaea alba flower extract
1307749,Salix alba bark extract
1307750,Scutellaria baicalensis root extract
1307752,Hamamelis virginiana bark extract
1307753,Lonicera japonica flower extract
1307756,Hamamelis virginiana top extract
1307760,Simmondsia chinensis seed wax extract
1307762,anhydroxylitol
1307764,1-vinyl-2-pyrrolidone
1307766,caprylyl glucoside
1307767,lavender extract
1307768,Coccinia grandis fruit extract
1307772,Copaifera officinalis resin
1307773,ammonium laureth-3 sulfate
1307775,Mauritia flexuosa fruit oil
1307779,C14-22 alcohols
1307781,"1,2-diarachidoyl-sn-glycero-3-phosphocholine"
1307782,Syringa vulgaris flower extract
1307784,Carthamus tinctorius (safflower) oleosomes extract
1307788,vetiver oil
1307790,Calendula officinalis seed oil
1307791,Lithospermum erythrorhizon root extract
1307792,dihydroxypropyl PEG-5 linoleammonium chloride
1307801,barium oxide
1307803,clove stem oil
1307804,Hedychium coronarium root extract
1307807,Ophiopogon japonicus root extract
1307809,European hazelnut oil
1307815,xanthan gum
1307818,Camellia sinensis root extract
1307819,Hamamelis virginiana leaf water extract
1307820,molasses
1307822,Plukenetia volubilis seed oil
1307825,Olea europaea fruit volatile oil
1307828,Mangifera indica seed butter extract
1307829,PEG-4 rapeseedamide
1307830,carbomer-934
1307833,carnauba wax
1307835,myrtle leaf oil
1307836,Melissa officinalis leaf extract
1307840,cetostearyl alcohol
1307842,Actinidia chinensis seed extract
1307851,Prunus serotina bark extract
1307853,Magnolia officinalis bark extract
1307858,Morinda citrifolia leaf extract
1307863,kukui nut extract
1307866,Angelica sinensis root extract
1307879,Jasminum officinale flower extract
1307886,Lavandula angustifolia flower extract
1307887,Hamamelis virginiana leaf extract
1307939,Litsea oil
1307942,Nymphaea caerulea flower extract
1307943,Betula pubescens bark extract
1307944,Sedum roseum root extract
1307945,Gentiana lutea root extract
1307947,Phellodendron amurense bark extract
1307948,Juniperus virginiana oil
1307951,Levant cottonseed oil
1307952,Azadirachta indica flower extract
1307954,Sanguisorba officinalis root extract
1307955,Olea europaea leaf extract
1307956,macadamia oil
1307960,Lonicera caprifolium flower extract
1307961,Centella asiatica leaf extract
1307966,Vitis vinifera seed extract
1307967,Filipendula ulmaria root extract
1307970,Verbascum densiflorum leaf extract
1307971,Stevia rebaudiuna leaf extract
1307975,Paeonia suffruticosa root extract
1309199,aloe vera flower extract
1309200,Angelica acutiloba root extract
1309201,black pepper oil
1309202,canola oil
1309203,Bixa orellana seed extract
1309206,myrrh oil
1309208,grape seed oil
1309209,nutmeg oil
1309211,cajuput oil
1309212,grapefruit oil
1309215,Hibiscus sabdariffa flower extract
1309216,polyoxyl 40 castor oil
1309217,cedar leaf oil
1309218,hydrogenated castor oil
1309220,Rehmannia glutinosa root extract
1309221,chamomile flower oil
1309222,hydrogenated soybean oil
1309223,rice bran oil
1309224,sandalwood oil
1309226,chamomile extract
1309227,"cinnamon oil, leaf"
1309229,cinnamon oil
1309230,orange oil
1309232,clary sage oil
1309233,clove leaf oil
1309235,"1,10-decanediol"
1309236,parsley seed oil
1309237,Hyssopus officinalis extract
1309239,coconut oil
1309243,cottonseed oil
1309245,juniper berry oil
1309246,polyoxyl 35 castor oil
1309247,sesame oil
1309248,sorbitan olivate
1309249,lanolin oil
1309250,olive oil
1309252,palm kernel oil
1309253,lemon oil
1309254,tetrahexyldecyl ascorbate
1309256,meadowfoam oil
1309257,Vaccinium myrtillus leaf extract
1309258,jojoba wax
1309259,yarrow flower extract
1309260,Theobroma grandiflorum seed extract
1309279,Withania somnifera root extract
1309281,Urtica dioica leaf extract
1309282,acai oil
1309289,Calendula officinalis flower extract
1309292,anise seed extract
1309293,carrot seed oil
1309296,Piscidia piscipula root bark extract
1309309,Pinus strobus bark extract
1309314,tulathromycin
1309324,wormwood extract
1309326,Mentha piperita leaf extract
1309328,Melissa officinalis leaf oil
1309330,Melaleuca alternifolia leaf extract
1309331,Cupressus sempervirens leaf oil
1309332,Matricaria chamomilla flowering top oil
1309337,Chinese cinnamon oil
1309338,East Indian lemongrass oil
1309347,"geranium oil, Algerian type"
1309350,Malva sylvestris flower extract
1309357,Leptospermum petersonii leaf oil extract
1309359,Hippophae rhamnoides seed oil
1309360,hydrogenated palm kernel oil
1309361,Cnidium seed extract
1309362,Hypericum perforatum flower extract
1309363,PEG-120 methyl glucose dioleate
1309364,kukui nut oil
1309366,peg-32 stearate
1309367,PEG-6 stearate
1309370,Plantago lanceolata leaf extract
1309371,rose oil
1309372,oil of patchouli
1309374,palmarosa oil
1309376,citronella oil
1309377,lime oil
1309385,lavandin oil
1309388,oil of ginger
1309389,emu oil
1309390,safflower extract
1309394,Ampelopsis japonica root extract
1309406,Acer saccharum bark-sap extract
1309411,Artemisia princeps leaf extract
1309413,Asclepias tuberosa root extract
1309415,Carica papaya leaf extract
1309418,Centaurea cyanus flower extract
1309421,Drynaria fortunei root extract
1309422,Cymbopogon schoenanthus leaf extract
1309424,frankincense oil
1309425,Epilobium angustifolium leaf extract
1309427,Gentiana macrophylla root extract
1309429,wasabi root extract
1309433,Imperata cylindrica root extract
1309438,Leontopodium alpinum flower extract
1309439,Leontopodium alpinum flowering top extract
1309441,Mahonia aquifolium root extract
1309443,Moringa oleifera seed oil
1309447,Nelumbo nucifera flower extract
1309449,Oenothera biennis flower extract
1309451,Opuntia ficus-indica stem extract
1309452,Piper methysticum root extract
1309453,Platycladus orientalis leaf extract
1309457,Polygonum cuspidatum root extract
1309458,Prunus armeniaca seed extract
1309460,Salvia hispanica seed extract
1309462,Saponaria officinalis root extract
1309464,Fagus sylvatica flower bud extract
1309469,Houttuynia cordata flowering top extract
1309470,Simmondsia chinesis seed extract
1309473,Smilax aristolochiaefolia root extract
1309476,Tanacetum parthenium flower extract
1309477,tea leaf oil
1309478,hydrogenated cottonseed oil
1309480,Tussilago farfara flower extract
1309484,Ulmus rubra bark extract
1309486,Vitis vinifera fruit oil
1309488,Malva sylvestris flowering top extract
1309489,Ocimum basilicum flowering top extract
1309490,Panax ginseng root water extract
1309492,lemon balm oil
1309493,Perilla frutescens leaf extract
1309498,Aesculus hippocastanum leaf extract
1309502,Rosa gallica flower extract
1309503,Aloe ferox leaf preparation
1309505,Rosmarinus officinalis flower extract
1309681,Bambusa vulgaris leaf extract
1309686,Helianthus annuus flowering top extract
1309690,Dioscorea villosa tuber extract
1309697,Hamamelis virginiana root bark-stem bark extract
1309702,Avena sativa flowering top extract
1309718,methacrylic acid - ethyl acrylate copolymer (1:1) type A
1309720,methacrylic acid - methyl methacrylate copolymer (1:1)
1309722,Alchemilla xanthochlora flowering top extract
1309724,methacrylic acid - methyl methacrylate copolymer (1:2)
1309751,Pueraria montana var. lobata root extract
1309766,Berberis vulgaris root bark extract
1309775,Calendula officinalis flowering top extract
1309793,hawthorn leaf with flower extract
1309795,Hedera helix leaf extract
1309803,Ligusticum sinense subsp. chuanxiong root extract
1309811,Garcinia indica seed butter extract
1309828,Angelica archangelica root extract
1309940,Fallopia multiflora root extract
1309942,Plantago ovata seed extract
1309948,Quillaja saponaria bark extract
1309952,Veronica officinalis flowering top extract
1309956,Vetiveria zizanioides root extract
1309958,Camellia sinensis flower extract
1309966,Cananga odorata flower extract
1309996,Fraxinus excelsior bark extract
1309999,Ganoderma lucidum stem extract
1310011,Rosa moschata seed oil
1310019,Prunus persica leaf extract
1310021,Crataegus monogyna flower extract
1310025,Castanea sative leaf extract
1310030,Spanish thyme oil
1310031,Nerium oleander leaf extract
1310034,Magnolia liliiflora flower extract
1310037,Prunus serrulata flower extract
1310039,Trifolium pratense flower extract
1310040,millet extract
1310046,sesame seed extract
1310048,Helichrysum italicum flower extract
1310049,Peumus boldus leaf extract
1310063,Frangula alnus bark extract
1310065,Rheum officinale root extract
1310066,Matricaria recutita leaf extract
1310067,Punica granatum seed extract
1310071,Aconitum carmichaelii root extract
1310075,Dipsacus asper root extract
1310088,Eriobotrya japonica leaf extract
1310092,Hippophae rhamnoides fruit oil
1310098,Kaempferia galanga root extract
1310106,Populus tremuloides bark extract
1310122,chlorine
1310128,"Coffea arabica seed, roasted, extract"
1310164,Centella asiatica extract
1310189,Juniperus communis fruit extract
1310190,ammonium carbonate
1310213,American elderberry extract
1310280,Acorus calamus extract
1310291,Bos taurus pituitary gland preparation
1310495,"beta-citronellol, (R)-"
1310511,high fructose corn syrup
1310512,maltose syrup
1310513,sorbitan isostearate
1310514,lactoperoxidase
1310520,teriflunomide
1310538,trihydroxystearin
1310539,di(4-tert-butylcyclohexyl) peroxydicarbonate
1310542,"1,3-butylene glycol"
1310543,"1,3-dimethylol-5,5-dimethylhydantoin"
1310544,2-amino-2-methyl-1-propanol
1310546,acesulfame
1310548,alkyl (C12-15) benzoate
1310550,butane
1310554,triethyl citrate
1310558,FD & C red no. 40 aluminum lake
1310559,D&C red no. 27 aluminum lake
1310562,FD &C yellow #6 aluminum lake
1310563,D & C red # 30 aluminum lake
1310564,D&C red no. 7
1310565,ethyl cellulose
1310566,magnesium silicate
1310568,methanol
1310570,laureth-3
1310571,shea butter
1310572,ferric oxide
1310574,croscarmellose
1310575,FD&C red no. 4
1310576,corn syrup
1310578,medium chain triglycerides
1310579,butyl alcohol
1310581,menthyl lactate
1310582,hydrogenated palm glycerides
1310584,Laminaria digitata preparation
1310585,phenyl trimethicone
1310586,octyltriethoxysilane
1310587,skim milk
1310593,eosine yellowish
1310594,polyethylene glycol 4000
1310598,polyethylene glycol 600
1310599,carbomer copolymer type A
1310600,Allura red AC dye
1310601,D.C. red no. 33
1310602,diazolidinylurea
1310603,oleyl alcohol
1310605,brilliant blue FCF
1310705,fast green FCF stain
1310706,crospovidone
1310707,D&C red no. 28
1310708,ferrosoferric oxide
1310709,ceteth-20
1310844,Bacillus coagulans
1310848,Aphanizomenon flos-aquae
1311040,brown rice preparation
1311044,Epimedium grandiflorum top extract
1311077,Claviceps purpurea sclerotium
1311089,defibrotide
1311119,Bacillus subtilis
1311127,Ascophyllum nodosum extract
1311134,propyl gallate
1311137,acetaldehyde
1311146,piperine
1311147,diethylene glycol monoethyl ether
1311153,amino methacrylate copolymer
1311155,glyceryl stearate
1311163,carbomer 1342
1311164,Carbopol 981
1311171,D & C green 5
1311172,D & C red no. 27
1311176,D&C red no. 30
1311178,D&C red no. 6
1311179,isopropyl palmitate
1311186,lauramidopropyl betaine
1311197,Laricifomes officinalis fruiting body extract
1311246,Raphanus sativa extract
1311261,maltose
1311265,Lytta vesicatoria preparation
1311293,ferrosoferric phosphate
1311310,Primula veris extract
1311319,pork collagen preparation
1311363,potassium sodium tartrate
1311373,trehalose
1311374,Gardenia jasminoides fruit extract
1311376,Chamaemelum nobile extract
1311391,nitric acid
1311393,amber
1311410,maitake extract
1311477,Chondrus crispus extract
1311479,frankincense extract
1311485,cetyl palmitate
1311488,poly(vinylpyrrolidone-co-vinyl-acetate)
1311497,Melissa officinalis extract
1311499,sea salt
1311500,mebrofenin
1311501,Rosa canina fruit extract
1311504,aluminum
1311505,"glycyrrhizin, ammoniated"
1311506,glycyrrhetinic acid
1311509,Paullinia cupana seed extract
1311511,Peucedanum ostruthium leaf extract
1311521,ceftiofur
1311524,aspartame
1311526,calcium silicate
1311528,cocamidopropyl PG-dimonium chloride phosphate
1311531,European elderberry extract
1311537,methylene chloride
1311540,hexamethyldisiloxane
1311546,Hippophae rhamnoides fruit extract
1311548,hydroxyproline
1311556,nonoxynol-10
1311558,nonoxynol-100
1311559,nonoxynol-30
1311560,norflurane
1311564,candelilla wax
1311567,sulisobenzone
1311570,cetyl esters wax
1311571,ethyl vanillin
1311572,decyl glucoside
1311573,Citrus aurantium fruit extract
1311575,C13-14 isoparaffin
1311576,cocamidopropyl betaine
1311579,Tribulus terrestris fruit extract
1311584,Cymbopogon schoenanthus top extract
1311586,Pinus massoniana resin
1311595,Garcinia cambogia fruit extract
1311596,Gleditsia sinensis fruit extract
1311598,Hamamelis virginiana top water extract
1311601,Hedera helix top extract
1311603,acetyltriethyl citrate
1311606,amyl cinnamal
1311610,Inonotus obliquus fruiting body extract
1311611,avocado oil
1311613,glycereth-18
1311614,methyl trimethicone
1311617,octyldodecyl myristate
1311619,ceteareth 20
1311620,ceteareth-12
1311621,ceteareth-15
1311622,ceteareth-25
1311623,ceteareth-30
1311624,ceteareth-6
1311630,lowbush blueberry extract
1311632,Lycium barbarum fruit extract
1311641,Morinda citrifolia fruit extract
1311645,Myrciaria dubia fruit extract
1311646,Narcissus tazetta bulb extract
1311648,Panax ginseng fruit extract
1311650,ultramarine blue
1311651,Passiflora incarnata fruit extract
1311658,pomegranate fruit rind extract
1311659,propolis wax
1311674,Sapindus mukorossi fruit extract
1311675,Schisandra chinensis fruit extract
1311678,monoolein
1311681,Scutellaria lateriflora top extract
1311686,Vitex trifolia fruit extract
1311687,Xanthium strumarium fruit extract
1311689,glycerol formal
1311690,glyceryl distearate
1311691,glyceryl dilaurate
1311693,glyceryl laurate
1311694,glyceryl cocoate
1311695,glyceryl isostearate
1311744,deslorelin
1311811,alpha-hexylcinnamaldehyde
1312084,Yucca glauca root extract
1312357,(C10-C30)alkyl methacrylate ester
1312360,C10-18 triglycerides
1312361,cetearyl isononanoate
1312365,Chrysanthellum indicum flower oil
1312366,citric acid acetate
1312367,dehydroacetic acid
1312368,trideceth-9
1312373,tetrasodium glutamate diacetate
1312383,Quercus alba extract
1312387,dimethicone-diene dimethicone crosspolymer
1312389,myristoyl tetrapeptide-4
1312390,methyl methacrylate-glycol dimethacrylate crosspolymer
1312391,glycereth-17 cocoate
1312392,glyceryl caprylate-caprate
1312394,"hydroxypropyl distarch phosphate, high amylose corn"
1312395,polyglyceryl-10 stearate
1312397,regorafenib
1312538,beta-thujaplicin
1312539,Aloe vera whole extract
1312542,Arctium lappa whole extract
1312543,behenyl behenate
1312546,chromium dioxide
1312549,diethylenetriamine pentamethylene phosphonic acid
1312560,distearyl phthalamic acid
1312568,ethyl 2-methylbutyrate
1312573,ethyl acrylate and methyl methacrylate copolymer (2:1; 600000 MW)
1312574,ethyl valerate
1312575,ethylcellulose (7 MPA.S)
1312576,ethylene-vinyl acetate copolymer (19% vinylacetate)
1312577,ethylene-vinyl acetate copolymer (40% vinyl acetate)
1312579,Filipendula ulmaria whole extract
1312600,hydrolysed bovine collagen (enzymatic; 2000-5000 MW)
1312601,"hydrolyzed elastin, bovine, alkaline (1000 MW)"
1312611,hydroxyethylpiperazine ethane sulfonic acid
1312620,isopropyl stearate
1312646,PEG-150 pentaerythrityl tetrastearate
1312647,tribehenin PEG-20 esters
1312707,polyethylene glycol 3500
1312708,dextranase Penicillium
1312709,polistirex
1312714,methyl diisopropyl propionamide
1312715,pentadecalactone
1312721,polyethylene glycol 700
1312723,polyisobutylene (75000 MW)
1312727,PPG-2 methyl ether
1312731,polyethylene glycol 7000000
1312736,polyisobutylene (2300 MW)
1312740,silanetriol
1312742,polyacrylamide (1500 MW)
1313043,caprylic-capric-lauric triglyceride
1313045,Glycyrrhiza glabra leaf extract
1313047,curdlan
1313054,myristoyl pentapeptide-4
1313173,"N,N-dimethylglycine"
1313178,PPG-15 stearyl ether
1313180,reishi mushroom preparation
1313184,dihydrogenated tallow phthalic acid amide
1313185,hypromellose acetate succinate 16070722 (3 Mm2-S)
1313189,vanillyl butyl ether
1313222,acetyl carboxymethyl cocoyl glycine
1313223,acetyl triethylhexyl citrate
1313224,aluminum chlorohydrex propylene glycol
1313227,C30-45 alkyl methicone
1313229,Cladosiphon okamuranus preparation
1313232,denatonium benzoate
1313234,triheptanoin
1313238,isoamyl laurate
1313240,isocetyl stearate
1313249,povidone K17
1313257,PEG-12 stearate
1313258,PEG-8 ricinoleate
1313259,tocopheryl retinoate
1313264,dimethicone PEG-8 laurate
1313266,polyethylene glycol 500
1313267,trideceth-12
1313268,quadrosilan
1313270,polyacrylamide (crosslinked; 0.01-0.2 mole percent bisacrylamide)
1313310,ammonium ion
1313349,dimethyl ether
1313685,Stevia rebaudiana whole extract
1313697,ethylcellulose (20 MPA.S)
1313698,ethylcellulose (4 MPA.S)
1313699,methylcellulose (15 CPS)
1313700,methylcellulose (1500 CPS)
1313701,methylcellulose (25 CPS)
1313702,methylcellulose (400 cps)
1313703,cetyl hydroxyethylcellulose (350000 MW)
1313704,ethylcellulose (10 MPA.S)
1313707,"3,7-dimethyloctane-1,7-diol"
1313709,hydrogenated palm kernel glycerides
1313710,ethylene-vinyl acetate copolymer (15% vinyl acetate)
1313718,povidone k25-28
1313719,polyacrylamide (10000 MW)
1313720,methicone (20 CST)
1313721,polyglycerin-6
1313724,phenylethyl resorcinol
1313725,polybutene (1400 MW)
1313733,"4-hydroxy-2,5-dimethylfuran-2(3H)-one"
1313736,C12-14 pareth-12
1313741,diglycerin
1313743,dimethyl lauramine
1313748,ethyl levulinate
1313749,ethylhexyl acetate
1313764,annatto extract
1313771,TEA-dodecylbenzenesulfonate
1313966,5-methyltetrahydrofolic acid
1313978,stearyl behenate
1314192,PEG-25 propylene glycol stearate
1314193,PEG-6 methyl ether
1314194,PEG-8 dimethicone
1314197,Phellinus linteus whole extract
1314199,Piper methysticum whole extract
1314200,polyester-10
1314202,polyethylene glycol 1000000
1314203,polyethylene glycol 600000
1314205,polyglycerin-10
1314206,polyisobutylene (35000 MW)
1314208,octyldodecyl stearate
1314209,PPG-2 isoceteth-20 acetate
1314210,PPG-9
1314211,lauryl betaine
1314219,laponite
1314226,Syringa vulgaris whole extract
1314227,hydroxytyrosol
1314229,tetrapropyl orthosilicate
1314233,prezatide copper
1314234,polyquaternium 37 (200 MPA.S)
1314239,propylene
1314243,PPG 12 buteth 16
1314244,Avena sativa whole extract
1314246,dimethiconol (100000 CST)
1314249,xylitylglucoside
1314251,povidone K15
1314255,hesperetin
1314260,"3-((L-menthyl)oxy)propane-1,2-diol"
1314261,4-methyl-1-(1-methylethyl)-3-cyclohexen-1-ol
1314269,bis-PEG-18 methyl ether dimethyl silane
1314271,n-dodecane
1314274,stannous 2-ethylhexanoate
1314276,isopentyldiol
1314277,palmitoyl tetrapeptide-7
1314278,saccharide isomerate
1314279,hydroxide ion
1314281,hexamethylindanopyran
1314282,polyacrylic acid (450000 MW)
1314287,hydrogenated polybutene (1300 MW)
1314290,dimethiconol (250000 MW)
1314291,magnesium aluminometasilicate type i-b
1314296,tetrapeptide-21
1314297,polyquaternium-7 (70-30 acrylamide-DADMAC; 900 kD)
1314300,oleth-20
1314303,"propylene glycol, (R)-"
1314305,trideceth-10
1314307,ceramide 6 II
1314309,Ocimum basilicum whole extract
1314310,fulvic acid
1314314,PPG-3 benzyl ether myristate
1314320,oregano leaf oil
1314328,2-hydroxyethyl acrylate
1314329,acetyl hexapeptide-8
1314332,Bambusa vulgaris top extract
1314333,behentrimonium methosulfate
1314334,benzaldehyde
1314336,C13-15 alkane
1314337,C13-16 isoparaffin
1314340,cetearyl ethylhexanoate
1314341,ceteth-10
1314342,ceteth-10 phosphate
1314343,cetyl myristoleate
1314345,decoquinate
1314346,dicetylphosphate
1314349,edetol
1314350,ergothioneine
1314355,ethyl acetate
1314356,ethyl butyrate
1314357,ethyl isovalerate
1314358,ethyl macadamiate
1314359,ethyl maltol
1314360,ethyl nitrate
1314361,ethyl oleate
1314363,ethylene brassylate
1314364,ethylene glycol
1314365,2-ethoxyethanol
1314373,palmitoyl oligopeptide
1314374,oleth-3-phosphate
1314375,oleth-5
1314376,polacrilin
1314379,poloxamer 124
1314380,poloxamer 182
1314381,polyaminopropyl biguanide
1314382,polyethylene glycol 1500
1314384,polyethylene glycol 6000
1314386,pseudopterogorgia elisabethae extract
1314409,DL-lactic acid
1314411,propylene glycol monostearate
1314414,poloxalene
1314415,isopropyl isostearate
1314417,tributyl citrate
1314418,tributyl phosphate
1314419,tricaprin
1314420,tricaprylin
1314423,zein
1314424,fu ling
1314580,bitter orange oil
1314583,Hydrastis canadensis whole preparation
1314588,hydrogenated polydecene (550 MW)
1314594,lemon peel extract
1314596,prezatide copper acetate
1314597,rosemary extract
1314612,altrenogest
1314842,beheneth-20
1314843,Capsicum annuum whole extract
1314844,Corallina officinalis extract
1314847,Toxicodendron vernicifluum fruit rind wax
1314848,isostearyl neopentanoate
1314849,PEG-40 stearate
1314854,Hamamelis virginiana whole extract
1314855,Mentha arvensis leaf extract
1315124,white rice extract
1315126,blue crab preparation
1316105,"herpesvirus 1, human"
1316581,calcium ion
1318235,comfrey leaf extract
1318515,apricot kernel oil
1318915,potassium ion
1319885,black walnut leaves extract
1319902,white oak bark extract
1321355,Arthrospira platensis
1322046,rose petal extract
1322547,Cynara scolymus leaf extract
1328308,Alpine strawberry extract
1328313,Thymus serpyllum extract
1328315,Porphyridium purpureum extract
1332872,Equisetum hyemale extract
1334747,Fucus vesiculosus extract
1334930,Mentha piperita extract
1336267,Artemisia abrotanum flowering top extract
1338937,Physalis angulata extract
1341384,Artemisia vulgaris root extract
1342487,Caulophyllum thalictroides root extract
1342493,Glycyrrhiza uralensis extract
1343346,comfrey root extract
1344643,Sambucus nigra flower extract
1347557,Ambrosia artemisiifolia extract
1347564,Euphorbia hirta extract
1350211,Phleum pratense top extract
1351002,Leonurus cardiaca extract
1351789,castorbean seed extract
1352519,Nasturtium officinale extract
1352522,Hypericum oil
1353222,Ammi visnaga fruit extract
1353886,Petroselinum crispum extract
1354526,Punica granatum root bark extract
1355807,Undaria pinnatifida extract
1355829,manuka oil
1355833,Passiflora incarnata flower extract
1356133,C12-15 alkyl lactate
1356135,Ginko biloba leaf oil
1356136,hydroxypropyl cellulose (type e)
1356137,hydroxypropyl cellulose (type L)
1356138,lauramidopropylamine oxide
1356139,PEG-25 hydrogenated castor oil
1356141,undeceth-7
1356142,strontium nitrate
1356143,Saccharina latissima extract
1356144,isopropyl titanium triisostearate
1356147,stearyl glycyrrhetinate
1356148,octyldodecyl stearoyl stearate
1356149,propylene glycol monolaurate
1356151,rice bran
1356484,panthenyl ethyl ether
1356552,perampanel
1356679,Garcinia mangostana fruit rind extract
1356680,Camellia sinensis whole extract
1356701,hydroxylated lanolin
1356702,PPG-10 cetyl ether
1356705,Tabebuia impetiginosa whole extract
1356707,PEG-7 hydrogenated castor oil
1356761,ascorbyl tetraisopalmitate
1356764,polyacrylamide (1300000 MW)
1356766,PEG-PPG-14-7 dimethyl ether
1356767,polyglyceryl-10 oleate
1357536,tofacitinib
1358001,Gaultheria procumbens leaf extract
1358182,polytetrafluoroethylene
1358473,2-pyrrolidone
1358482,Clematis chinensis root extract
1358484,nylon 12
1358485,lauryl methacrylate - glycol dimethacrylate crosspolymer
1358486,ethyl menthane carboxamide
1358489,pentaerythrityl tetraisostearate
1358490,polyethylene glycol 4500
1358844,1-propoxy-2-propanol
1358876,silver cation
1358888,Euterpe oleracea whole extract
1358890,Tremella fuciformis fruiting body extract
1358897,grapefruit peel extract
1358898,Portulaca oleracea whole extract
1358955,lemon juice
1358956,Anacardium occidentale fruit extract
1358964,mango juice
1358965,apple juice
1358966,orange juice
1358975,pomegranate juice
1358977,cranberry juice
1359087,PEG-55 hydrogenated castor oil
1359090,polyquaternium-51 (2-methacryloyloxyethyl phosphorylcholine:N-butyl methacrylate; 3:7)
1359422,alanylglutamine
1359423,PEG & PPG-17-6 copolymer
1359424,beta-bisabolol
1360629,Zanthoxylum bungeanum fruit extract
1360630,Artemisia vulgaris top oil
1360721,thonzylamine
1361654,ethylenediamine tetraethanol
1361655,hydroxypropyl guar (2500-4500 MPA.S at 1%)
1361656,propylene glycol alginate
1361659,dimethicone-vinyl dimethicone crosspolymer
1362134,arabica coffee oil
1362135,basil oil
1362136,tetrahydrodiferuloylmethane
1362137,hyssop oil
1362138,jojoba butter
1362140,ascorbyl tocopheryl maleate
1362141,Picea mariana leaf oil
1362144,C12-15 pareth-9
1362147,hydroxyethyl cellulose (100 MPA.S at 2%)
1362577,"1,2,6-hexanetriol"
1362584,"1,2-hexanediol"
1362616,7-dehydrocholesterol
1362685,betadex
1362688,shiitake mushroom preparation
1362691,1-butene
1362692,2-hydroxyethyl methacrylate
1362695,ammonium sulfate
1362697,carnosine
1362698,chloroform
1362737,fluorodeoxyglucose F18
1362738,2-n-octyl-4-isothiazolin-3-one
1362739,2-tert-butylhydroquinone
1362741,ceramide 3
1362814,magnesium nitrate
1362871,acetylglucosamine
1362872,1-propanol
1362874,diatomaceous earth
1362875,dodecanol
1362877,propane
1362878,styrene
1362879,sulfur dioxide
1362880,"1,5-pentanediol"
1362881,acetyltributyl citrate
1362882,alpha-cyclodextrin
1362883,ammonium acetate
1362888,chrysin
1362889,cinnamyl alcohol
1362890,citral
1362892,ethyl-p-hydroxybenzoate
1362893,hydroxycitronellal
1362894,maltol
1362896,mica
1362897,myristyl alcohol
1362899,potassium metabisulfite
1362900,butylated hydroxyanisole
1362901,calcium pyrophosphate
1362903,farnesol
1362904,glycylglycine
1362906,sarcosine
1362907,benzyl salicylate
1362908,butyl acetate
1362910,creosol
1362911,diethanolamine
1362913,isododecane
1362917,aluminum silicate
1362921,diethyl phthalate
1362922,diisopropanolamine
1362925,diisopropylamine
1362927,dodecyl sulfate
1362928,isostearyl alcohol
1362929,methyl isobutyl ketone
1362931,rosin
1362932,lauric acid methyl ester
1362933,"2,2,4,4,6,8,8-heptamethylnonane"
1363030,"1,3-propanediol"
1363040,isobutane
1363043,ethyl ether
1363045,chromium oxide
1363047,ferrous oxide
1363049,maltitol
1363050,maltodextrin
1363051,monophosphoryl lipid A
1363053,polydextrose
1363055,sorbitan monolaurate
1363056,sorbitan monooleate
1363057,sorbitan monostearate
1363058,sorbitan sesquioleate
1363059,stannic oxide
1363060,sucrose monostearate
1363061,tert-butyl alcohol
1363062,thioglycerol
1363268,cabozantinib
1363352,hydroxyethyl starch 130-0.4
1363426,boron nitride
1363429,alpha-arbutin
1363431,caprylyl trisiloxane
1363434,isopropyl laurate
1363440,Passiflora edulis seed oil
1363443,muskmelon extract
1363444,phytosphingosine
1363445,polyglyceryl-2 dipolyhydroxystearate
1363446,soy sterol
1363468,Rhodomyrtus tomentosa fruit extract
1363469,Vachellia farnesiana flower extract
1363566,laureth-7
1363568,carbomer-974P
1363569,dimethicone 350
1363570,PEG-30-dipolyhydroxystearate
1363571,"1,2-octanediol"
1363572,methyl gluceth-20
1363574,methyl stearate
1363575,hexyldecanol
1363576,cocamidopropylamine oxide
1363577,laureth-12
1363578,cyclomethicone 4
1363579,dimethiconol (41 MPA.S)
1363584,"hydroxypropyl cellulose, low substituted"
1363593,cocamidopropyl hydroxysultaine
1363594,diethanolamine bis(C8-C18 perfluoroalkylethyl)phosphate
1363595,diethanolamine cetyl phosphate
1363597,diglycol stearate
1363598,dihydroxyethyl cocamine oxide
1363600,diisopropyl adipate
1363601,diisopropyl sebacate
1363602,diisostearyl malate
1363604,hydroxyethyl cellulose (3000 CPS at 1%)
1363605,hydroxyethyl urea
1363606,hydroxymethyl cellulose
1363607,hydroxypropyl corn starch (5% substitution by weight)
1363608,hydroxypropylbetadex (0.58-0.68 MS)
1363609,Hypnea musciformis extract
1363612,PEG-20 stearate
1363613,PEG-4 dilaurate
1363614,PEG-4 laurate
1363615,PEG-40 sorbitan diisostearate
1363616,PEG-5 oleate
1363618,PEG-60 almond glycerides
1363619,peg-75 lanolin
1363620,PEG-75 stearate
1363622,peg-8 distearate
1363623,PEG-8 laurate
1363624,pummelo extract
1363625,quaternium-18
1363626,quaternium-52
1363643,sorbitan trioleate
1363644,squalane
1363645,steviol
1363647,sucrose monolaurate
1363696,propylene carbonate
1363697,sodium silicate
1363700,dibutyl sebacate
1363701,sorbitan monopalmitate
1363702,chlorothymol
1363704,magnesium carbonate hydroxide
1363705,lauric acid diethanolamide
1363708,methylethyl ketone
1363717,isomalt
1363720,myristyl lactate
1363729,Eucalyptus globulus whole extract
1363916,carmoisine
1363986,triethanolamine lauryl sulfate
1363996,isostearyl isostearate
1363997,triethanolamine benzoate
1364105,pasireotide
1364131,Camellia sinensis seed oil
1364275,isoprene
1364276,new coccine
1364291,lemon extract
1364292,Lobelia inflata preparation
1364293,coco-caprylate
1364294,acetylated lanolin alcohols
1364296,isobutylparaben
1364347,ponatinib
1364376,N-(3-(dimethylamino)propyl)octadecanamide
1364377,hydrogenated coco-glycerides
1364378,cetyl acetate
1364379,glyceryl stearate SE
1364380,polyglyceryl-3 diisostearate
1364381,cetyl ricinoleate
1364382,lauryl glucoside
1364383,polyethylene glycol 2000
1364384,poloxamer 338
1364385,ceramide 1
1364386,octyldodecyl neopentanoate
1364387,o-cymen-5-ol
1364388,lauramine oxide
1364429,sodium cation
1364430,apixaban
1364449,crofelemer
1364468,teduglutide
1364479,lomitapide
1364504,bedaquiline
1364915,sodium percarbonate
1364950,meadowfoamamidopropyl betaine
1364987,Carica papaya whole extract
1364990,Rosmarinus officinalis whole extract
1365706,Ligusticum wallichii root extract
1365707,Panax notoginseng root extract
1365708,Zanthoxylum nitidum root extract
1366223,carbomer interpolymer type B (allyl pentaerythritol crosslinked)
1366226,"oxacycloheptadec-8-en-2-one, (8Z)-"
1366228,triacontanyl PVP (WP-660)
1366231,PEG PPG116-66 copolymer
1366232,dimethiconol (2000 CST)
1366324,Citrus junos fruit extract
1366325,Coix lacryma-jobi seed oil
1366329,Oryza sativa whole extract
1366567,raxibacumab
1366664,glyceryl caprate
1366668,PEG-15 cocamine
1366669,PEG-6 isostearate
1366739,decamethyltetrasiloxane
1366921,sodium chlorate
1366982,sodium oxide
1366989,gamma-cyclodextrin
1366990,"gelatin hydrolysate (porcine skin, MW 3000)"
1366992,PEG-8 & SMDI copolymer
1366993,PEG:PPG-4-12:dimethicone
1367109,"starch, wheat"
1367110,polyethylene glycol 1450
1367111,neotame
1367117,"starch, rice"
1367118,methyl gluceth-10
1367119,5-chloro-2-methyl-4-isothiazolin-3-one
1367120,PEG-100 stearate
1367121,steareth-20
1367122,steareth-21
1367123,Backhousia citriodora leaf extract
1367124,octyl dodecanol
1367125,pear preparation
1367126,hexyl laurate
1367127,pegoxol 7 stearate
1367129,polyvinyl acetate phthalate
1367130,polyglyceryl-4 isostearate
1367131,steareth-100
1367133,polyoxyl 8 stearate
1367134,ethylhexylglycerin
1367136,neopentyl glycol diisostearate
1367138,dicaprylyl ether
1367139,ethylhexyl isononanoate
1367141,povidone K25
1367143,polyquaternium-10 (400 CPS at 2%)
1367145,laureth-2
1367146,sorbitan
1367147,steareth-10
1367150,sucrose palmitate
1367152,PEG-12 dimethicone (300 CST)
1367155,methyl acrylate
1367156,methyl cinnamate
1367162,hectorite
1367165,laureth-23
1367166,2-methyl-4-isothiazolin-3-one
1367167,isononyl isononanoate
1367168,methylpropanediol
1367170,metacresol
1367173,capryl-capramidopropyl betaine
1367175,arbutin
1367180,cyclohexane
1367188,glycol distearate
1367189,nonoxynol-20
1367265,polysorbate 40
1367399,Symphytum uplandicum leaf extract
1367422,coco-betaine
1367493,Cocos nucifera whole extract
1367495,PEG-7 methyl ether
1367498,polyglyceryl-3 distearate
1367839,mipomersen
1368001,alogliptin
1368125,acrylamide
1368128,amylopectin
1368129,apaflurane
1368130,apigenin
1368131,arachidyl alcohol
1368132,arachidyl glucoside
1368134,bakuchiol
1368135,beef tallow preparation
1368136,betasizofiran
1368137,biotinoyl tripeptide-1
1368140,butyl ester of methyl vinyl ether-maleic anhydride copolymer (125 kD)
1368142,C10-30 cholesterol-lanosterol esters
1368143,C12-16 alcohols
1368146,caprylyl-capryl oligoglucoside
1368148,caryophyllene
1368150,cetyl lactate
1368152,chitosan medium molecular weight (200-800 MPA.S)
1368153,cinnamic aldehyde
1368155,PEG-30 stearate
1368156,PEG-150 stearate
1368157,PEG-10 dimethicone (600 CST)
1368158,quaternium-91
1368161,polyester-7
1368162,neopentyl glycol
1368163,"collagen, soluble, fish skin"
1368165,polyethylene glycol 350
1368167,phloretin
1368168,triolein
1368169,tripalmitin
1368172,isoamyl acetate
1368175,propylene oxide
1368176,vanillin
1368177,vinyl acetate
1368180,terpineol
1368182,poloxamer 184
1368183,PPG-20 methyl glucose ether
1368186,alpha-isomethylionone
1368187,tridecyl stearate
1368188,monostearyl citrate
1368190,trisiloxane
1368191,isocetyl alcohol
1368192,PPG-14 butyl ether
1368193,glyceryl linoleate
1368195,diethylhexyl syringylidenemalonate
1368196,hard fat
1368197,tragacanth
1368198,"1,2-benzisothiazoline-3-one"
1368201,diclazuril
1368202,borneol
1368205,Beta vulgaris extract
1368206,Lentinula edodes mycelium extract
1368207,menthyl salicylate
1368212,N-acetyltryptophan
1368215,stearamide amp
1368338,Phoenix dactylifera seed extract
1368342,prickly pear fruit extract
1368343,Porphyra umbilicalis extract
1368371,Bacillus anthracis strain V770-NP1-R antigens
1368372,benzotriazolyl dodecyl p-cresol
1368377,Ilex paraguariensis whole extract
1368451,glycerol phenylbutyrate
1368471,dimethicone-vinyl dimethicone crosspolymer (hard particle)
1368533,prezatide
1368701,disilver oxide
1368702,triethylene glycol
1368704,microcrystalline wax
1368707,ethylhexyl hydroxystearate
1368708,maritime pine extract
1368862,carrageenan
1368863,polyethylene glycol 1000
1368864,polyethylene glycol 200
1368866,polyethylene glycol 3000
1368867,polysorbate 60
1368869,dipropylene glycol
1368872,tristearin
1368873,tropolone
1368874,dimethylacetamide
1368875,geraniol
1368878,isoceteth 20
1368882,trimyristin
1368885,imidurea
1368886,2-ethylhexyl stearate
1368887,polysorbate 85
1368890,"hypromellose phthalate (24% phthalate, 55 CST)"
1368891,"hypromellose phthalate (31% phthalate, 170 CST)"
1368892,"hypromellose phthalate (31% phthalate, 40 CST)"
1368895,polyisobutylene (1000 MW)
1368898,shellac
1368901,isostearyl palmitate
1368902,eleuthero preparation
1368950,edetate calcium
1369405,"pentaerythritol tetrakis(3-(3,5-di-tert-butyl-4-hydroxyphenyl)propionate)"
1369563,erythritol
1369590,pentetate calcium
1369682,ethylhexyl stearate
1369686,Lonicera japonica top extract
1369689,Simmondsia chinensis whole extract
1369690,Zanthoxylum bungeanum whole extract
1369702,coco-caprylate-caprate
1369713,pomalidomide
1370109,Vaccinium myrtillus whole extract
1370191,Acacia angustissima bark extract
1370193,"propylene glycol 1,2-distearate"
1370194,Salvia officinalis flowering top extract
1370303,sucrose distearate
1370418,tricaine
1370424,tetradecyl hydrogen sulfate (ester)
1370435,Glycyrrhiza glabra extract
1370439,"albumin microspheres, human"
1370452,amyl acetate
1370469,onion extract
1370590,dihydroxypropyltrimonium
1370618,lauroyl sarcosinate
1370662,"n-(carbonyl-methoxypolyethylene glycol 2000)-1,2-distearoyl-sn-glycero-3-phosphoethanolamine"
1370676,Thymus citriodorus leaf extract
1370677,retinyl linoleate
1370678,polyquaternium-37 (10000 MPA.S)
1370728,sucrose cocoate
1370729,Angelica sinensis whole extract
1370731,polyglyceryl-3 oleate
1370769,raspberry extract
1370774,Asian ginseng extract
1370778,orange peel extract
1370783,seaweed extract
1370784,Chlorella vulgaris extract
1370785,gum talha extract
1370827,polyethylene glycol 8000000
1370971,ospemifene
1370983,chondroitin sulfate (chicken)
1370987,Microcitrus australis fruit extract
1370988,Tribulus terrestris extract
1370989,Morus alba extract
1371034,Crambe maritima leaf extract
1371038,Croton lechleri resin
1371300,chicory root extract
1371303,PEG-9 polydimethylsiloxyethyl dimethicone
1371310,C12-15 alcohols
1371311,glycereth-7
1371318,PPG-25-laureth-25
1371321,polyquaternium-16 (N-vinylpyrrolidinone:3-methyl-1-vinylimidazolium chloride (5:5))
1371366,tridecyl alcohol
1371447,dimethicone PEG-10 phosphate
1371911,Passiflora incarnata seed extract
1371947,poloxamer 181
1371968,glyceryl behenate-eicosadioate
1371994,synthetic camphor
1371996,Viola tricolor extract
1372000,Canada balsam extract
1372002,blackberry flavor
1372004,mint extract
1372005,dragon's blood extract
1372006,elm extract
1372007,Citrus nobilis extract
1372010,Crithmum maritimum extract
1372013,Gelidiella acerosa extract
1372250,Achillea millefolium extract
1372255,goldenseal extract
1372258,spearmint extract
1372259,Picea abies wood extract
1372263,Salicornia europaea extract
1372309,C12-15 pareth-7
1372481,polyquaternium-37 (3000 MPA.S)
1372538,doxribtimine
1372563,Zingiber officinale whole extract
1372567,polyquaternium-37 (25000 MPA.S)
1372631,pigment red 5
1372633,Atractylodes macrocephala root extract
1372926,dicaprylyl carbonate
1372928,Heterotheca inuloides flower extract
1372929,disteardimonium hectorite
1372931,stearalkonium hectorite
1373037,turmeric oil
1373041,polihexanide
1373150,guaiac
1373153,hydroxyethyl behenamidopropyl dimonium chloride
1373154,lauryl peg-9 polydimethylsiloxyethyl dimethicone
1373156,Nelumbo nucifera whole extract
1373204,PPG-20 methyl glucose ether distearate
1373206,4-tert-butylcyclohexanol
1373351,silodrate
1373353,cetyl dimethicone 25
1373444,tamanu oil
1373446,polyquaternium-6 (15000 MW)
1373458,canagliflozin
1373478,dimethyl fumarate
1373726,polyglyceryl-3 ricinoleate
1373895,cocoa extract
1374805,polyisobutylene (800000 MW)
1376096,ethyl linalool
1376147,caprylic-capric-linoleic triglyceride
1376148,gamma-undecalactone
1376150,hydroxyethyl cellulose (40 MPA.S at 2%)
1376151,lingonberry seed oil
1376211,Coptis chinensis root extract
1376213,Carthamus tinctorius flower bud extract
1376341,"3-(3,4-methylenedioxyphenyl)-2-methylpropanal"
1376343,cyclamen aldehyde
1376344,hydroxyethyl cellulose (6500 MPA.S at 2%)
1376345,hypromellose acetate succinate 06081224 (3 MM2-S)
1376346,Lavandula angustifolia whole extract
1376348,Rosmarinus officinalis flowering top oil
1376451,C9-11 pareth-6
1376452,hydroxyethyl cellulose (1800 MPA.S at 2%)
1420957,Aloe andongensis leaf extract
1420960,coconut juice
1420964,gellan gum (low acyl)
1420965,Hydnocarpus kurzii seed oil
1420971,Lindera aggregata root extract
1420973,Momordica cochinchinensis seed extract
1420977,Polygonum cuspidatum whole extract
1420980,Scrophularia ningpoensis root extract
1421151,gadoterate meglumine
1421429,Adansonia digitata seed oil
1421431,tridecyl salicylate
1421434,coco diisopropanolamide
1421437,PPG-2 hydroxyethyl cocamide
1421547,PEG-9 diglycidyl ether and sodium hyaluronate cross polymer
1421621,methyl glucose dioleate
1421634,dioctyldodecyl dodecanedioate
1421890,polyglyceryl-6 distearate
1421892,hexyl salicylate
1422928,Aloe arborescens leaf extract
1423272,ammonium xylenesulfonate
1423273,PPG-26-buteth-26
1423683,glyceryl palmitostearate
1423684,hypophosphorous acid
1423793,sodium lauryl glycol carboxylate
1423803,glyceryl phosphate
1423924,corn grain extract
1424173,dimethicone PEG-7 phosphate
1424360,biosaccharide gum-1
1424458,C9-11 pareth-8
1424562,poly(lactide)
1424645,purslane extract
1424646,(phthalocyaninato(2-)) copper
1424647,alpha-glucan oligosaccharide
1424650,"beta-citronellol, (+-)-"
1424652,decan-4-olide
1424665,ammonio methacrylate copolymer type A
1424667,ammonium lauryl sulfate
1424668,anisyl alcohol
1424669,buteth-3
1424672,C12-20 alkyl glucoside
1424863,Adansonia digitata fruit extract
1424874,PPG-5-ceteth-20
1424875,borate ion
1424881,juglans regia shell extract
1424884,vilanterol
1424898,locust bean gum extract
1424910,high-density polyethylene
1424911,dabrafenib
1425088,3-(triethoxysilyl)propylamine
1425089,polawax polysorbate
1425099,trametinib
1425215,cellulose acetate phthalate
1425216,acetylcellulose
1425217,ceresin
1425218,cetearyl alcohol
1425219,cetearyl glucoside
1425220,ceteth-2
1425221,cetyl stearate
1425353,galactoarabinan
1425354,hydrogenated tallow acid
1425403,Yucca schidigera extract
1425405,N-valyltryptophan
1425406,myristyl nicotinate
1425412,Helianthus annuus whole extract
1425501,cochineal
1425503,coco glucoside
1425878,pullulan
1425879,nitrocellulose
1425915,FD&C yellow #5 aluminum lake
1425919,montmorrillonite
1425924,myristyl myristate
1425926,modified corn starch (1-octenyl succinic anhydride)
1425941,1-myristylpicolinium
1426159,di-PPG-2 myreth-10 adipate
1426161,pigment red 48
1426255,glycol stearate
1426289,tridecyl trimellitate
1426290,hypromellose acetate succinate 12070923 (3 MM2-S)
1426329,magnesium aluminometasilicate type I-A
1426339,polifeprosan 20
1426343,saccharomyces lysate extract
1426352,steareth-2
1426360,stearyl stearate
1426365,trideceth-6
1426368,triisopropanolamine
1426376,"3-hexenyl acetate, (3Z)-"
1426379,aceglutamide
1426380,ethylhexyl palmitate
1426381,"serum albumin, bovine"
1426382,Haematococcus pluvialis extract
1426384,C12-20 alkyl benzoate
1426385,C18-36 acid triglyceride
1426386,tribehenin
1426393,coco monoethanolamide
1426394,polyquaternium-7 (70-30 acrylamide-DADMAC; 1600 kD)
1426395,octoxynol-40
1426397,sorbitan tristearate
1426403,low-density polyethylene
1426404,lauroyl lysine
1426405,polysorbate 65
1426406,pentaerythrityl tetraethylhexanoate
1426407,PPG-2 myristyl ether propionate
1426408,oleth-10
1426410,oleth-2
1426411,glyceryl stearate citrate
1426412,polyisobutylene (1100000 MW)
1426415,aluminum starch octenylsuccinate
1426417,dimethicone 1000
1426418,hydrogenated soybean lecithin
1426419,Lamium album extract
1426422,acid violet 43
1426424,"hydrolyzed wheat protein (enzymatic, 3000 MW)"
1426425,synthetic wax (1200 MW)
1426426,polyisobutylene (1300 MW)
1426427,oleyl oleate
1426428,polyglycerin-3
1426430,polymethylsilsesquioxane (4.5 microns)
1426432,polyoxyl 40 stearate
1426435,polyoxyl 50 hydrogenated castor oil
1426436,horehound extract
1426437,"cod, unspecified preparation"
1426438,edible oyster preparation
1426441,elemi extract
1426442,ferric ammonium ferrocyanide
1426443,calcium peroxide
1426448,ceramide 2
1426451,kojic acid
1426452,isostearamidopropyl morpholine lactate
1426455,coco-glycerides
1426456,ethylene-vinyl acetate copolymer (28% vinyl acetate)
1426457,ethyl acrylate and methyl methacrylate copolymer (2:1; 750000 MW)
1426466,Dunaliella salina extract
1426467,3-iodo-2-propynylbutylcarbamate
1426468,D&C orange no. 4
1426472,Sudan III
1426474,diacetylated monoglycerides
1426475,ethyl sebacate
1426478,lanolin alcohols
1426480,liquefied petroleum gas
1426558,Laminaria japonica extract
1426595,4-anisic acid
1426596,palmitoyl pentapeptide-4
1426598,sulfate ion
1426609,cyclodextrins
1426610,PEG-PPG-18-18-dimethicone
1426611,modified corn starch (3-E-docecenyl succinic anhydride)
1426619,propylene glycol dicaprylate
1426622,propylene glycol dicaprylate-dicaprate
1426624,palm acid
1426625,dimethyloctadecyl(3-(trimethoxysilyl)propyl)ammonium chloride
1426626,palm kernel acid
1426630,glycereth-26
1426644,ectoine
1426645,guava extract
1426646,silica dimethyl silylate
1426654,polyquaternium-11 (1000000 MW)
1426662,triisostearin
1426663,liquid petroleum
1426664,dimethicone 200
1426671,undecylenoyl glycine
1426677,trimethylsiloxysilicate (M-Q 0.6-0.8)
1426703,prosolv SMCC 50
1426747,polyglyceryl-10 laurate
1426780,PEG-PPG-20-6 dimethicone
1426816,dextrates
1426831,trimethylpentanediol-adipic acid-glycerin crosspolymer (25000 MPA.S)
1426853,magnesium cation
1426862,ethylhexyl oleate
1426863,coconut alcohol
1426865,lysozyme
1426869,hydrobromic acid
1426872,hexyl 5-aminolevulinate
1426889,indigo
1426897,quaternium-22
1426901,decylene glycol
1426912,Pisum sativum (pea) extract
1426921,lentil seed extract
1426922,lauryl laurate
1426923,Mentha pulegium extract
1426924,D&C violet no. 2
1426928,glyceryl palmitate
1426933,"1,2-distearoyllecithin"
1426934,sclareolide
1426935,peg-10 glyceryl stearate
1426939,PEG-PPG-20-15 dimethicone
1426944,glycereth-18 ethylhexanoate
1426946,PPG-11 stearyl ether
1426947,PEG-PPG-30-160 copolymer
1426949,PEG-PPG-105-5 copolymer
1426950,Opuntia ficus-indica extract
1427008,propylene glycol diacetate
1427009,propylene glycol dicaprate
1427010,propylene glycol monopalmitostearate
1427011,propylheptyl caprylate
1427015,rice germ preparation
1427016,PEG-3 distearoylamidoethylmonium methosulfate
1427042,sucrose stearate-palmitate ester (75% mono ester)
1427045,ethylene-vinyl acetate copolymer (9% vinyl acetate)
1427056,potato starch
1427070,lauramide
1427072,ethyl lactate
1427073,glucose oxidase
1427079,glycol dimethacrylate
1427087,phosphonic acid
1427139,Ophiocordyceps sinensis extract
1427171,hepatitis B virus subtype ADW2 HBsAg surface protein antigen
1427173,glyceryl 1-stearate
1427188,hydroxyphenyl propamidobenzoic acid
1427198,cupric cation
1427215,amodimethicone (800 CST)
1427219,methylbenzyl acetate
1427222,parathyroid hormone
1427226,isopropyl lauroyl sarcosinate
1427227,PPG-1 trideceth-6
1427228,poly(methyl acrylate-co-methyl methacrylate-co-methacrylic acid 7:3:1; 280000 MW)
1427229,hydrolysed marine collagen (enzymatic; 2000 MW)
1427231,ceteth-23
1427237,pantolactone
1427238,cetyldimethylethylammonium bromide
1428027,Calendula officinalis whole extract
1428039,calenduloside E
1428041,polyquaternium-39 (22.5-51-26.5 acrylic acid-acrylamide-DADMAC; 1600000 MW)
1428044,egg shell membrane
1428215,polyquaternium-10 (30000 MPA.S at 2%)
1428413,calcium hydride
1428870,glycol cetearate
1428873,HC yellow no. 5
1429042,Portulaca oleracea leaf extract
1429395,polyquaternium-10 (125 MPA.S at 2%)
1429926,Cannabis sativa seed extract
1429937,macadamia seed oil glycereth-8 esters
1429943,methacrylate-methoxy PEG-10 maleate-styrene copolymer
1429969,Lonicera caprifolium flowering top extract
1430130,PEG-20 methyl glucose sesquistearate
1430390,racementhol
1430438,afatinib
1430439,hydroxyethyl cellulose (5500 MPA.S at 2%)
1431148,methyl perfluorobutyl ether
1431149,methyl perfluoroisobutyl ether
1431150,Nigella sativa seed oil
1431153,myristamine oxide
1431226,polyglyceryl-2 diisostearate
1431715,sunflower seed oil glycereth-8 esters
1431993,"methyl lactate, L-"
1432292,Elaeis guineensis fruit extract
1432294,2-ethylhexyl acrylate
1432295,"citronellol acetate, (R)-"
1432297,glyceryl citrate
1432298,oleyl erucate
1432299,poppy seed oil
1432478,punica granatum whole extract
1432990,Ptychopetalum olacoides root extract
1433189,amaranth dye
1433192,glucosyl hesperidin
1433212,levomilnacipran
1433347,bisphenol A
1433495,ethyl acrylate-methacrylic acid-steareth-20 methacrylate copolymer
1433496,poly(methyl methacrylate; 450000 MW)
1433497,soyethyl morpholinium ethosulfate
1433643,PEG-5 soy sterol
1433693,ferric carboxymaltose
1433868,dolutegravir
1433886,hydroxypropyl cellulose (type M)
1433887,choline fenofibrate
1433902,2-diethylaminoethanol
1435096,Melaleuca alternifolia flowering top extract
1435100,Argania spinosa seed extract
1435101,Althaea officinalis flower extract
1435103,Saccharum officinarum whole extract
1435110,polyglyceryl-2 monoisostearate
1435283,coco monoisopropanolamide
1435390,ethyl jojobate
1435858,cetearyl olivate
1435867,Rheum officinale whole extract
1435868,Saururus chinensis whole extract
1436168,Rheum palmatum root extract
1436960,Siraitia grosvenorii fruit extract
1437504,quinoa oil
1437806,tulathromycin A
1437983,hypromellose 2910 (10000 MPA.S)
1437987,trimethylpentanediyl dibenzoate
1438110,Quillaja saponaria wood extract
1438112,European elderberry juice
1438115,polyethylene glycol 2000000
1438509,pearl (Hyriopsis cumingii) extract
1439115,sucralose
1439816,riociguat
1440051,lixisenatide
1440231,myristamidopropyl PG-dimonium chloride phosphate
1440237,PEG-80 sorbitan laurate
1440239,PPG-12/SMDI copolymer
1440241,safflower seed extract
1440261,baicalin
1440266,aminometradine
1440268,aminopropazine fumarate
1440271,amoproxan
1440856,cholic acid
1441386,bazedoxifene
1441534,polyethylene glycol 900000
1441536,Allium sativum whole extract
1441688,prothrombin
1442132,macitentan
1442197,octenyl succinate
1442198,Camellia sinensis var. assamica whole extract
1442510,white pepper oil
1442511,Salvia officinalis whole extract
1442517,polyquaternium-22 (4500 MPA.S)
1442703,Gleditsia sinensis whole extract
1442704,Rheum palmatum whole extract
1442706,Sophora flavescens whole extract
1442707,hydroxypropyl-alpha-cyclodextrin
1442981,ibrutinib
1442998,cetyl dimethicone 150
1455099,vortioxetine
1482502,eslicarbazepine
1482537,Malus domestica whole extract
1482539,parsley oil
1482541,Argania spinosa whole extract
1482548,Prunus spinosa fruit extract
1482680,luliconazole
1482787,Hyssopus officinalis whole extract
1483232,octyldodecyl oleate
1483267,raw sugar
1483317,hypochlorite
1483618,sodium hydride
1483620,Rosa rugosa flower bud extract
1483735,C11-15 pareth-7
1484279,Cucumis sativus whole extract
1484280,Zea mays subsp. mays whole extract
1484283,sucroferric oxyhydroxide
1484857,polyacrylic acid (8000 MW)
1484859,soy acid
1484865,neral
1484911,sofosbuvir
1484979,common hazel pollen extract
1485045,hydroxypropyl cellulose (type J)
1485046,arsenic cation
1485119,PEG-6 sorbitan oleate
1485121,butyl acrylate - C16-C20 alkyl methacrylate - methacrylic acid - methyl methacrylate copolymer
1485184,C12-15 pareth-3
1485540,myristamidopropylamine oxide
1485786,Mucuna pruriens seed extract
1485787,4-coumaric acid
1486086,Arnica montana flower water
1486391,Boswellia serrata whole extract
1486516,poloxamer 331
1486716,Opuntia streptacantha stem extract
1486717,polyquaternium-10 (1000 MPA.S at 2%)
1486759,kiwi seed oil
1486794,strawberry juice
1487156,sodium lauroyl methyl isethionate
1487162,"alpha-bisabolol, (+)-"
1487367,hydroxyethyl cellulose (280 MPA.S at 5%)
1487505,Geranium maculatum root oil
1487514,umeclidinium
1487532,sunflower lecithin
1487826,1-octanol
1487833,Primula veris flower extract
1488055,diheptyl succinate
1488564,dapagliflozin
1488822,tansy oil
1488999,Boerhavia diffusa root extract
1489546,Commiphora myrrha top extract
1489764,PEG-3 distearate
1489913,droxidopa
1489914,elosulfase alfa
1489919,PPG-1-PEG-9 lauryl glycol ether
1489921,eicosyl povidone (2 eicosyl branches-repeat)
1490468,tasimelteon
1490685,Mentha arvensis whole extract
1490687,Paeonia lactiflora whole extract
1490690,polyglyceryl-3 laurate
1491008,aminomethylpropanol (perfluoro-C6-C12 ethyl)phosphate
1491625,metreleptin
1491737,Elaeis oleifera seed oil
1491858,"jojoba oil, randomized"
1492035,capryloyl salicylic acid
1492174,pineapple extract
1492183,hydroxyethyl cellulose (280 MPA.S at 2%)
1492190,poloxamer 237
1492300,vaccinia virus strain New York City Board of Health live antigen
1492339,polygonum cuspidatum leaf extract
1492383,Salix purpurea bark extract
1492439,Symphytum officinale whole extract
1492727,apremilast
1494066,miltefosine
1494845,methacrylic acid - ethyl acrylate copolymer (4500 MPA.S)
1494854,decylamine oxide
1495154,Carthamus tinctorius flower oil
1495477,bis-PEG PPG-16-16 PEG-PPG-16-16 dimethicone
1534771,zirconium
1534775,Simmondsia chinensis leaf extract
1535218,siltuximab
1535452,Aesculus hippocastanum seed oil
1535457,ceritinib
1535475,Broussonetia papyrifera whole extract
1535477,Cymbopogon martini whole extract
1535478,Equisetum arvense whole extract
1535479,Eucommia ulmoides whole extract
1535490,Glycyrrhiza glabra whole extract
1535491,Glycyrrhiza uralensis whole extract
1535492,Humulus lupulus whole extract
1535494,Lotus corniculatus flower volatile oil
1535497,Stemona sessilifolia root extract
1535498,ronidazole
1535513,basic fuchsin
1535631,glycereth-7 triacetate
1535922,ramucirumab
1535930,toltrazuril
1535932,amodimethicone (1300 CST)
1535944,coagulation factor IX recombinant immunoglobulin G1 fusion protein
1536070,flavone
1537034,vorapaxar
1537210,Amorphophallus konjac root extract
1537211,ceramide eop
1537759,trimethylsilyl treated diimethiconol-trimethylsiloxysilicate crosspolymer (40-60 WW)
1537799,melengestrol
1538052,laureth-30
1538097,vedolizumab
1539192,Tilia platyphyllos flower extract
1539193,Styphnolobium japonicum flower extract
1539239,dalbavancin
1539416,Tremella fuciformis whole extract
1539424,Epilobium angustifolium whole extract
1539753,efinaconazole
1539907,D&C red no. 6 barium lake
1539968,ethyl pyruvate
1540825,tedizolid
1540826,behenyl erucate
1540869,Jasminum sambac flower extract
1540876,polyglyceryl-4-oleate
1540877,Chondrus crispus carrageenan
1540878,octyldodecyl behenate
1540881,"hydrogenated jojoba oil, randomized"
1541116,caprylyl caprylate-caprate
1541238,ferrous cation
1541244,Sphagnum squarrosum extract
1541246,glucose-6-phosphate
1541597,polyvinyl acetate
1541708,Arctium lappa fruit oil
1541710,Rubus idaeus fruit volatile oil
1541717,Cucurbita pepo whole extract
1541718,Eremocitrus glauca fruit extract
1541719,Jasminum officinale whole extract
1541727,Brassica oleracea var. italica whole extract
1541731,Eucalyptus gum extract
1541733,4-hydroxy acetophenone
1541734,biosaccharide gum-4
1541740,Taraxacum mongolicum extract
1541882,Artemisia vulgaris whole extract
1541884,Gardenia jasminoides whole extract
1542901,propylene glycol 1-(2-methylbutyrate)
1543081,certeareth-100
1543095,efmoroctocog alfa
1543173,tavaborole
1543411,Fritillaria delavayi bulb extract
1543455,methoxy PEG PPG-7-3 aminopropyl dimethicone
1543543,belinostat
1543773,PEG-8 caprylic-capric glycerides
1544135,vinylpyrrolidone-eicosene copolymer
1544139,carbonate ion
1544276,propylene glycol 1-allyl ether
1544460,idelalisib
1544483,bis-PEG-10 dimethicone dimer dilinoleate copolymer
1544485,fumaryl diketopiperazine
1545042,Verbascum thapsus leaf extract
1545063,tafamidis
1545169,ceteareth-2
1545653,empagliflozin
1546059,olodaterol
1546162,aluminum cation
1546168,peginterferon beta-1a
1546223,diatrizoic acid
1546264,zinc cation
1546265,lithium cation
1546268,thiamine ion
1546271,nitrate ion
1546272,manganese cation (2+)
1546275,iodide ion
1546277,bicarbonate ion
1546279,oseltamivir carboxylate
1546284,bismuth cation
1546354,2-mercaptoethanesulfonic acid
1546356,dabigatran
1546357,ferric cation
1546358,moexiprilat
1546359,quinaprilat
1546368,cesium cation
1546377,ramiprilat
1546379,trandolaprilat
1546386,bromotheophylline
1546387,carbamoylcholine
1546390,chlorate ion
1546393,fosinoprilat
1546400,perindoprilat
1546411,thiosulfate
1546413,methylhomatropine
1546418,chromic cation
1546420,condoliase
1546424,nitrite ion
1546429,gadolinium cation (3+)
1546433,monomethyl fumarate
1546438,glycopyrronium
1546443,lanthanum cation (3+)
1546450,radium
1546451,iothalamic acid
1546453,isosulfan blue inner salt
1546458,picosulfurate
1546708,disteareth-75 isophorone diisocyanate
1546870,ceteareth-10 phosphate
1547099,suvorexant
1547220,eliglustat
1547545,pembrolizumab
1547611,oritavancin
1547621,Pseudolarix amabilis bark extract
1547622,PEG-32 hydrogenated palm glycerides
1547713,C12-15 alkyl ethylhexanoate
1547755,Stephania tetrandra root extract
1549329,blueberry extract
1549330,Coccidioides immitis spherule
1549632,hydroxyethyl cetyldimonium phosphate
1550045,Bifidobacterium animalis
1551291,dulaglutide
1551309,Orchis mascula flower extract
1551458,formaldehyde-sodium naphthalenesulfonate copolymer (3000 MW)
1551569,Alteromonas macleodii
1551570,vinylpyrrolidone-hexadecene copolymer
1551573,madecassic acid
1551574,asiatic acid
1551777,naloxegol
1552337,netupitant
1552357,polyglyceryl-3 dioleate
1552360,PEG-200 hydrogenated glyceryl palmate
1552361,"2,6-dimethyl-5-heptenal"
1552576,"triethanolamine 2-cyclohexyl-4,6-dinitrophenolate"
1591919,Turnera diffusa leaf extract
1591922,ledipasvir
1592254,pirfenidone
1592255,Lacticaseibacillus casei
1592257,levomefolate
1592258,methyl glucose sesquistearate
1592264,sodium laureth-4 phosphate
1592737,nintedanib
1593128,meningococcal group B vaccine
1593200,Trigonella foenum-graecum whole extract
1594581,Phellodendron amurense whole extract
1594675,ferric citrate
1594933,Mentha spicata extract
1595298,cocamidopropyl propylene glycol-dimonium chloride
1595581,bis-phenylpropyl dimethicone (15 CST)
1595582,Cordyceps gunnii fruiting body extract
1595884,sodium propoxyhydroxypropyl thiosulfate silica
1596137,dehydroxanthan gum
1596141,hydroxypropyl cellulose (type G)
1596450,gentamicin
1596680,linden leaf extract
1596688,Sclerocarya birrea seed oil
1596768,isomerized safflower acid
1596928,dodecyl gallate
1596929,ethylhexyl gallate
1596930,"L1 protein, human papillomavirus type 31 vaccine"
1596931,"L1 protein, human papillomavirus type 33 vaccine"
1596932,"L1 protein, human papillomavirus type 45 vaccine"
1596933,"L1 protein, human papillomavirus type 52 vaccine"
1596934,"L1 protein, human papillomavirus type 58 vaccine"
1597258,blinatumomab
1597389,quaternium-33
1597582,olaparib
1597609,ceftolozane
1597625,lauroyl PEG-32 glycerides
1597876,nivolumab
1598330,styrene-acrylamide copolymer (MW 500000)
1598337,trisodium dicarboxymethyl alaninate
1598641,finafloxacin
1599157,Mentha arvensis top extract
1599276,sulfur hexafluoride
1599538,edoxaban
1599788,secukinumab
1599832,C1 esterase inhibitor
1600439,totarol
1600743,Maranta arundinacea root extract
1600745,Prunus mume whole extract
1600748,Schinus molle fruit oil
1600779,sodium carboxymethyl beta-glucan (DS 0.65-0.85)
1601114,hydroxypropyl gamma-cyclodextrin
1601374,palbociclib
1601984,polyquaternium-53
1601988,American aloe stem extract
1601994,"3,7-dimethyl-1-octanol"
1602285,zinc phosphate
1603296,lenvatinib
1603350,panobinostat
1603521,"3,3'-diindolylmethane"
1603522,glabridin
1603794,ceramide eos
1603834,avibactam
1603849,Corylus americana nut oil
1603850,Dictamnus dasycarpus root bark extract
1603852,laurocapram
1603859,N-caproylsphingosine
1605084,magnesium chlorate
1605101,insulin isophane
1605200,steareth-4
1606212,Stemona tuberosa root extract
1606274,dinutuximab
1606478,Foeniculum vulgare leaf extract
1606480,bay leaf extract
1607311,isoamyl cocoate
1607313,dimethicone crosspolymer (450000 MPA.S at 12% in cyclopentasiloxane)
1607314,Indigofera tinctoria leaf extract
1607316,glyceryl 1-undecylenate
1607326,Acacia decurrens flower wax
1607329,"trimethyl-1,3-pentanediol"
1607976,ferric pyrophosphate
1608039,hexamethylene diisocyanate-trimethylol hexyllactone crosspolymer
1608319,Hibiscus syriacus bark extract
1608322,isavuconazonium
1609071,bis-PEG-PPG-14-14 dimethicone
1609188,Bassia scoparia fruit extract
1648124,"camphor, (-)-"
1648781,PEG-10 stearate
1649017,Adiantum capillus-veneris leaf extract
1649018,"ethyl 2,2-dimethylhydrocinnamal"
1649132,acrylic acid/isophorone diisocyanate/PEG-27 copolymer
1649138,soy sphingolipids
1649449,ethylcellulose (45 MPA.S)
1649480,ivabradine
1650423,Parietaria officinalis leaf extract
1650426,dimethiconol gum
1650612,orthosilicic acid
1651692,dipropylene glycol caprylate
1651693,hydrogenated starch hydrolysate
1651698,white tea extract
1652102,silk sericin
1653024,hawthorn flowering top extract
1653098,hydroxypropyl cellulose (type EL)
1653328,triethanolamine cocoyl glutamate
1653340,Aspalathus linearis whole extract
1653342,Solanum lycopersicum fruiting top extract
1653592,PPG-24-glycereth-24
1653781,eluxadoline
1654961,Garcinia mangostana fruit extract
1655222,ethylene distearamide
1655566,diisodecyl adipate
1655567,glyceryl monobehenate
1655922,lumacaftor
1655978,Aristotelia chilensis fruit extract
1655990,potassium cocoyl glycinate
1656052,cangrelor
1656306,Artemisia annua leaf extract
1656307,dimethiconol (70 CST)
1656308,"ferric acetate, basic"
1656328,sacubitril
1657018,malondialdehyde
1657128,influenza A virus (H1N1) antigen
1657131,influenza A virus (H3N2) antigen
1657134,influenza B virus antigen
1658314,brexpiprazole
1658432,Arctostaphylos uva-ursi whole extract
1658441,Scutellaria baicalensis whole extract
1658762,hydrogenated olive oil
1659152,alirocumab
1659191,sonidegib
1659905,gamma-nonalactone
1659907,dihydromyrcenol
1659909,gardenian blue
1659916,tricyclodecenyl propionate
1660128,star anise whole extract
1661194,propylene glycol caprylate
1661326,crospovidone (19 MPA.S at 5%)
1661327,3-dimethylaminopropylamine
1661434,lemon myrtle leaf oil
1661437,mountain pepper fruit extract
1661716,ledikite
1663736,bis-PEG-12 dimethicone (500 MPA.S)
1663748,sodium lauroyl hydroxypropyl sulfonate
1664624,Shorea stepnoptera seed butter extract
1664625,Tropaeolum majus flowering top extract
1665222,uridine triacetate
1665338,methyl hydroxyurea
1665496,rolapitant
1665509,flibanserin
1665684,evolocumab
1667211,lauramidopropyl hydroxysultaine
1667222,rebaudioside A
1667655,cariprazine
1667764,crospovidone (12 MPA.S at 5%)
1668220,broccoli sprout extract
1668221,vaccinia virus
1670007,insulin degludec
1670019,cedrol
1670304,tipiracil
1670383,factor IX complex
1673068,ceric oxide
1673265,aripiprazole lauroxil
1673375,Epimedium sagittatum top extract
1673942,Lactiplantibacillus plantarum
1716191,idarucizumab
1716203,patiromer
1716278,trabectedin
1719257,polyacrylic acid (300000 MW)
1720259,asfotase alfa
1720597,mepolizumab
1720882,isavuconazole
1720936,alpha-isobutylphenethyl alcohol
1721294,hydantoin
1721560,osimertinib
1721603,tenofovir alafenamide
1721694,tabasco pepper extract
1721695,hydrolyzed soy protein (enzymatic; 2000 MW)
1721708,bis-diglyceryl polyacyladipate-2
1721947,daratumumab
1722233,brillant blue
1722336,anthrax immune globulin
1722365,cobimetinib
1722671,hydrogenated poly(C6-14 olefin; 2 CST)
1722684,botulinum neurotoxin B immune FAB2
1722697,botulinum neurotoxin A immune FAB2
1722699,botulinum neurotoxin C immune FAB2
1722701,botulinum neurotoxin D immune FAB2
1722703,botulinum neurotoxin E immune FAB2
1722705,botulinum neurotoxin F immune FAB2
1722707,botulinum neurotoxin G immune FAB2
1722910,magnesium aluminum silicate type Ia
1722914,palmitoyl tripeptide-1
1723158,Mentha aquatica var. citrata leaf extract
1723735,ixazomib
1723738,necitumumab
1724420,bush mango extract
1724421,Carthamus tinctorius whole extract
1725033,2-isobutyl-4-methyltetrahydropyran-4-ol
1726081,trypan blue free acid
1726104,elotuzumab
1726975,sebelipase alfa
1726988,sugammadex
1727455,alectinib
1727875,tetanus immune globulin
1728290,N-lauroylproline
1728295,cetearyl phosphate
1729002,selexipag
1729151,hydroxyethyl acrylate/sodium acryloyldimethyl taurate copolymer
1729161,Calendula arvensis leaf extract
1730436,magnesium aluminum silicate type IC
1731031,lesinurad
1731071,fosaprepitant
1731724,Phymatolithon calcareum preparation
1732116,palmitoyl hexapeptide-12
1732120,"bisabolol oxide B, (-)-"
1732380,carbomer homopolymer type B (allyl pentaerythritol or allyl sucrose crosslinked)
1733673,undeceth-5
1733677,dipentaerythrityl tri-polyhydroxystearate
1733690,sodium metasilicate
1734628,elbasvir
1734630,grazoprevir
1735030,acrylamidopropyltrimonium chloride/acrylamide copolymer (400 MPA.S)
1735035,di-C12-13 alkyl malate
1735043,Luffa aegyptiaca fruit extract
1735050,trisodium nitrilotriacetate
1735162,polygalic acid
1735331,linalyl acetate
1735332,polyethylene glycol 100000
1735333,"camphor oil, white"
1736004,Laminaria hyperborea extract
1736006,isopropanolamine
1736747,ethylene-vinyl acetate copolymer (50% vinyl acetate)
1737113,diethylene glycol monoethyl ether acetate
1737846,polyethylene terephthalate (intrinsic visconsity 0.70-1.00)
1739005,cocamide
1739006,ditetracycline tetrasodium edetate
1739745,brivaracetam
1739881,Carya ovata bark extract
1739891,stearamidopropyl dimethylamine lactate
1739980,Aloe vera leaf polysaccharides
1739983,PEG-120 glyceryl stearate
1740237,imidocarb
1740936,Crocus sativus flower extract
1741922,pyrrolidone carboxylic acid ethyl cocoyl arginate
1742482,Olea europaea (olive oil) unsaponifiables
1742506,camellia sinensis seed extract
1742990,coceth-7
1744029,polyquaternium-44
1745008,hydrogenated jojoba oil
1745099,ixekizumab
1745252,Cistus monspeliensis whole extract
1746889,reslizumab
1746906,obiltoxaximab
1747475,hydroxypropyl tetrahydropyrantriol
1747556,venetoclax
1747569,polyethylene glycol 20000
1747570,allyl methacrylate-glycol dimethacrylate crosspolymer
1747705,dibenzyl ether
1747709,Citrullus lanatus var. lanatus whole extract
1747711,kiwi juice
1788846,hemp
1788955,shrimp shell chitin
1788980,Epilobium fleischeri whole extract
1788981,levoglucose
1789515,acetylated lanolin
1790089,Phlebodium aureum root extract
1790130,corn oil PEG-6 esters
1790286,polyvinyl alcohol (MW 94000)
1790287,"silica, trimethylsilyl capped"
1791685,pimavanserin
1792115,acrylic acid/ethylene copolymer (600 mPa.s)
1792714,"N-(3,4-bis(hydroxymethyl)-2,5-dioxo-4-imidazolidinyl)-N,N'-bis (hydroxymethyl) urea"
1792715,polyglyceryl-4 caprate
1792723,beta tocopherol
1792776,atezolizumab
1793744,pigment blue 1
1793921,lysophosphatidic acid
1794166,Punica granatum leaf extract
1794167,Vaccinium macrocarpon whole extract
1794890,diisooctyl adipate
1795583,Morinda citrifolia whole extract
1796718,phytosteryl/octyldodecyl lauroyl glutamate
1796719,polyvinyl alcohol (100000 MW)
1797116,"1,2-propanediol, 1-benzoate"
1797118,dotatate
1798288,obeticholic acid
1798359,Zostera marina whole extract
1798376,polyvinyl alcohol graft polyethylene glycol copolymer (3:1; 45000 MW)
1798383,acetyl hexapeptide-49
1799009,apple seed oil
1799145,hydrogenated olive oil unsaponifiables
1799149,pineapple juice
1799150,Psidium guajava leaf extract
1799206,velpatasvir
1800485,Gardenia jasminoides flower extract
1800493,dimethiconol/trimethylsiloxysilicate crosspolymer (40/60 W/W; 1000000 PA.S)
1800664,hypochlorite ion
1800668,gelatin type B bovine (160 bloom)
1800820,Lonicera caprifolium whole extract
1801067,Salix alba whole extract
1801136,trideceth-8
1801820,lifitegrast
1802853,polyamide-8 (4500 MW)
1804020,"hydroxypropyl cellulose, unspecified"
1804257,PEG-3 cocamine
1804260,influenza A virus (H5N1) antigen
1804568,stearic acid D7
1805005,CJC-1295
1805438,ibutamoren
1805768,Melaleuca cajuputi leaf oil
1805769,methoxy PEG-10
1806903,propylene glycol dipropionate
1807112,"3-hexen-1-ol, (3Z)-"
1807113,allyl hexanoate
1807120,geranyl acetate
1807125,Bacopa monniera whole extract
1807127,hexyl acetate
1807340,"disodium n-ethyl-n-4-((4-(ethyl((3-sulfophenyl)methyl)amino)phenyl)(2-sulfophenyl)methylene-2,5-cyclohexadien-1-ylidene)-3-sulfobenzenemethanaminium"
1807444,"1,1'-((1-methyl-1,2-ethanediyl)2-propenoic acid, bis(oxy(1-methyl-2,1-ethanediyl))) ester"
1808538,cherimoya extract
1808612,Nigella sativa seed extract
1809900,polyvinyl alcohol (18000 MW)
1809901,polyethylene oxide 200000
1810569,eteplirsen
1811251,Acacia catechu wood extract
1811461,hydroxypropyl cellulose (type H)
1811766,tridecane
1811767,undecane
1811770,triceteareth-4-phosphate
1812589,vonicog alfa
1812933,polyisobutylene (85000 MW)
1812934,sorbitol monooleate
1812935,Vibrio cholerae CVD 103-HGR strain live antigen
1855048,bezlotoxumab
1855101,vinyl dimethicone/methicone silsesquioxane crosspolymer
1855459,polyvinyl alcohol (40000 MW)
1855662,sodium acrylate/sodium acryloyldimethyltaurate copolymer (4000000 MW)
1855888,PEG-16 soy sterol
1858075,perlite
1858282,bis-PEG-12 dimethicone (70 MPA.S)
1858559,furcelleran
1859168,PEG-10 sorbitan laurate
1859172,alpha ionone
1859382,ethyl acrylate
1859922,dextrin palmitate (corn; 20000 MW)
1860076,holy basil leaf extract
1860086,2-tert-butylcyclohexyloxybutanol
1860422,4-(p-hydroxyphenyl)-2-butanone
1860608,sacubitrilat
1860609,Prunus cerasus flower bud extract
1862283,dimethiconol (50000 CST)
1862287,methylchloroisothiazolinone/methylisothiazolinone mixture
1862579,rucaparib
1862729,cyclomethicone 7
1863556,nusinersen
1863568,olive oil decyl esters
1864321,Pinus pinaster seed oil
1865719,polyester-5 (tg-38)
1865953,crisaborole
1866044,hydrogen dimethicone (20 CST)
1866045,phytosteryl macadamiate
1866344,gelatin type B bovine (200 bloom)
1867700,trisodium sulfosuccinate
1868613,hydrogenated macadamia seed oil
1869048,"ethyl 2,4-decadienoate, (2E,4Z)-"
1869700,glycidyl methacrylate
1869798,capryloyl glycerin/sebacic acid copolymer (2000 MPA.S)
1872039,polyethylene glycol 250
1872042,low-substituted hydroxypropyl cellulose (11% hydroxypropyl; 130000 MW)
1872043,low-substituted hydroxypropyl cellulose (8% hydroxypropyl: 140000 MW)
1872047,o-phenanthroline
1872246,rhamnose
1872251,brodalumab
1872382,telotristat
1872441,telotristat ethyl
1872905,deacetylbisacodyl
1873752,plecanatide
1873916,ribociclib
1874282,yellow OB
1875534,avelumab
1876119,etelcalcetide
1876366,ocrelizumab
1876376,dupilumab
1876597,naldemedine
1876905,deutetrabenazine
1918055,pigment green 7
1918219,valbenazine
1918231,niraparib
1918243,Ginkgo biloba root extract
1918244,Panax ginseng leaf extract
1918320,low-substituted hydroxypropyl cellulose (11% hydroxypropyl; 120000 MW)
1919083,midostaurin
1919503,durvalumab
1921069,abaloparatide
1921217,brigatinib
1921548,"9-octadecenamide, N-(2-hydroxy-1-(hydroxymethyl)heptadecyl)-, (9Z)-"
1921875,musk xylene
1921877,edaravone
1922437,cerliponase
1922448,safinamide
1922526,Phragmites australis stem extract
1922729,Rhododendron ferrugineum whole extract
1922746,polyglyceryl-2-stearate
1923319,sarilumab
1923479,"1,3-propanediol bis(4-aminobenzoate)"
1923771,Hibiscus rosa-sinensis flower extract
1923811,beta-pinene
1923814,naphtha
1923816,Platycladus orientalis whole extract
1923818,Dictamnus dasycarpus root extract
1925580,polyisobutylene (55000 MW)
1925821,riboflavin 5'-phosphate
1925834,Cephalosporium roseum extract
1927429,poly(laurylglucoside)-7
1927663,delafloxacin
1927867,C11-15 pareth-40
1928181,1-(4-hydroxy-3-methoxyphenyl)-decan-3-one
1928588,guselkumab
1928707,red king crab preparation
1928891,glyceryl rosinate
1939310,oligopeptide-10
1939323,voxilaprevir
1940004,1-p-menthene-8-thiol
1940005,guaraprolose (1300 MPA.S at 1%)
1940007,methoxy PEG-22/dodecyl glycol polymer
1940009,PEG-10 acrylate
1940147,"hydrogenated jojoba oil/jojoba oil, randomized (iodine value 64-70)"
1940150,Dittrichia viscosa whole extract
1940332,enasidenib
1940635,glecaprevir
1940636,pibrentasvir
1940643,neratinib
1942263,"sucrose, 6-stearate"
1942335,sodium lauriminodipropionate
1942479,umirolimus
1942697,cocamidopropyl dimethylamine
1942950,inotuzumab ozogamicin
1942960,vasoactive intestinal peptide
1943166,trideceth-3
1944252,polyethylene oxide 5000000
1944955,"3-(l-menthoxy)-2-methylpropane-1,2-diol"
1945077,copanlisib
1945213,vaborbactam
1945225,Phellodendron chinense whole extract
1946825,abemaciclib
1947144,poly(DL-lactic-co-glycolic acid) (75:25; 140000 MW)
1986349,2-(perfluorohexyl)ethanol
1986367,PEG-10 acrylate-perfluorohexylethyl acrylate copolymer
1986438,tisagenlecleucel
1986808,acalabrutinib
1986821,varicella zoster virus glycoprotein E
1987398,axicabtagene ciloleucel
1988390,latanoprostene bunod
1988648,letermovir
1988680,ammonium methacrylate
1989100,benralizumab
1989248,Acacia senegal whole extract
1989331,Litchi chinensis whole extract
1989334,pumice
1989794,emicizumab
1989819,vestronidase alfa
1989912,polyethylene glycol 12000
1990417,Angelica sinensis root oil
1990421,disodium acetyl glucosamine phosphate
1990423,"N-(1,3-bis(hydroxymethyl)-2,5-dioxo-4-imidazolidinyl)-N,N'-bis(hydroxymethyl)urea"
1990884,butyl acrylate - methyl acrylate - methylacrylic acid copolymer (18000 MW)
1991125,Leptospermum scoparium leaf extract
1991302,semaglutide
1991867,C12-13 pareth-9
1992057,Cymbopogon schoenanthus whole extract
1992280,Chrysanthemum indicum top extract
1992411,polysorbate 21
1992539,methyl L-arginine
1992563,C12-13 alkyl lactate
1992672,ertugliflozin
1992862,Calendula arvensis whole extract
1992864,netarsudil
1993216,dimethyl lauramine oleate
1993232,polyacrylamide (crosslinked; 2 mole percent bisacrylamide)
1993233,Iris germanica var. florentina root extract
1994299,Globularia cordifolia whole extract
1994358,tricetin
1994739,ozenoxacin
1995252,Myristica fragrans fruit extract
1995480,(9Z)-9-octadecenyl acetate
1995486,diglycerin monostearate
1995537,voretigene neparvovec
1996982,hexapeptide-11
1996988,polysorbate 81
1996990,Rhaponticum carthamoides root extract
1996994,sodium laureth-5 sulfate
1998122,caprolactone
1998445,sorbitan sesquiisostearate
1998464,marine non-gelling gelatin
1998465,"marine non-gelling gelatin, high MW"
1998841,lotilaner
1998844,gelatin type B bovine (230 bloom)
1998848,Malva neglecta whole extract
1998858,balsam peru oil
1998867,brilliant blue G
1999003,angiotensin II
1999320,Typhonium giganteum whole extract
1999322,Pseudolarix amabilis whole extract
1999382,tezacaftor
1999410,glycerol ester of hydrogenated rosin
1999420,macimorelin
1999574,apalutamide
1999660,bictegravir
1999761,FD&C red no. 4 free acid
1999996,poly(DL-lactic-co-glycolic acid) (50:50; 46000 MW)
2000918,sodium behenate
2000919,acetyl tetrapeptide-3
2000994,hexyl hexanoate
2000995,"3-hexenyl hexanoate, (3Z)-"
2000996,"3-hexenyl butyrate, (3Z)-"
2001128,sodium lauryl sulfonate
2001173,Combretum micranthum whole extract
2001175,Houttuynia cordata top extract
2001195,Mesembryanthemum tortuosum whole extract
2001196,Lavandula x intermedia flower extract
2001235,Butea superba root extract
2001237,Curculigo orchioides root extract
2001239,Eurycoma longifolia root extract
2001326,gellan gum (high acyl)
2001352,benzhydrocodone
2001758,vitamin MK7
2001816,Viburnum opulus whole extract
2002417,QS-21
2002720,isosorbide dicaprylate
2002788,hydrogenated palm/palm kernel oil peg-6 esters
2003231,Pterocarpus soyauxii wood extract
2003592,laureth-20
2043281,bisabolol oxide A
2043282,Bombyx mori whole preparation
2043283,ibalizumab
2043284,enoxolone dipotassium
2043769,gamma-octalactone
2043855,burosumab
2044274,lauryl lactate
2044370,suberic acid
2044371,undecanedioic acid
2044896,fostamatinib
2044901,polyethylene oxide 2000000
2045114,andexanet alfa
2045337,aluminum dicetyl phosphate
2045371,cannabidiol
2045613,erenumab
2045726,avatrombopag
2045729,Murraya paniculata whole extract
2045735,ursadiol
2046112,citronellyl methylcrotonate
2046360,pegvaliase
2047189,polyethylene terephthalate (intrinsic viscosity 0.40-0.70)
2047232,baricitinib
2047628,sodium zirconium cyclosilicate
2047758,PEG-20 hydrogenated lanolin
2047869,"2,4-D-trolamine"
2047870,methyl benzodioxepinone
2048036,mountain pepper whole extract
2048350,Ocimum tenuiflorum leaf oil
2048727,hydroxypropyl cellulose (1600000 WAMW)
2049106,encorafenib
2049122,binimetinib
2049549,plazomicin
2049846,elagolix
2049873,ivosidenib
2049895,polyquaternium-10 (10000 MPA.S at 2%)
2049985,2-(cyclohexylamino)ethanesulfonic acid
2049987,ceteareth-60 myristyl glycol
2050062,"beta-citronellol, (S)-"
2050751,sorbitan monocaprylate
2053436,tildrakizumab
2053444,Vincetoxicum atratum root extract
2053485,"1,2-dimyristoyl-sn-glycero-3-carboxaminopropylpolyethylene glycol 2000 methyl ether"
2053488,DLin-MC3-DMA
2053490,patisiran
2053495,fish oil (containing omega-3 acids)
2054023,tafenoquine
2054068,mogamulizumab
2054252,migalastat
2054968,stiripentol
2054984,lusutrombopag
2055001,Opuntia ficus-indica seed oil
2055101,Aloe arborescens whole extract
2055104,tecovirimat
2055269,hydroxypropyl cellulose (90000 WAMW)
2055270,lauroyl/myristoyl methyl glucamide
2055271,"lysophosphatidylcholine, soybean"
2055641,lanadelumab
2055655,damoctocog alfa pegol
2055755,doravirine
2055906,eravacycline
2055978,segesterone
2056061,safflower acid
2056062,citronellyl acetate
2056288,hydrolyzed sheep wool keratin (2000 MW)
2056454,cetearyl methicone (15000 MW)
2056691,fremanezumab
2056923,microcrystalline cellulose 102
2058509,duvelisib
2058826,cemiplimab
2058846,galcanezumab
2058847,microcrystalline cellulose 101
2058849,dacomitinib
2059018,sarecycline
2059171,Santalum spicatum whole extract
2059219,elapegademase
2059269,omadacycline
2099289,inotersen
2099291,hydroxypropyl cellulose (70000 WAMW)
2099292,Helichrysum gymnocephalum whole extract
2099295,moxetumomab pasudotox
2099704,talazoparib
2099712,isobutylene
2099713,glycerin methyl ether
2099995,baloxavir marboxil
2101006,acid blue 9 ammonium
2101271,Crotalidae immune F(ab')2
2101718,cocodimonium hydroxypropyl hydrolyzed keratin (1000 MW)
2102725,pine nut oil
2102775,revefenacin
2102821,chocolate cacao bean allergenic extract
2103164,lorlatinib
2103288,C11-15 pareth-5
2103289,Viola philippica whole extract
2103291,Aquilegia canadensis whole extract
2104332,cenegermin
2104604,emapalumab
2104987,hydroxypropyl trimonium chloride
2105548,isostearyl ferulate
2105554,propranolol glycol
2105627,hydroxypropyl betadex (0.6 hydroxypropyl residues per glucose)
2105628,larotrectinib
2105806,gilteritinib
2105845,glasdegib
2106260,Chrysanthellum indicum whole extract
2106338,amifampridine
2106558,Curcuma kwangsiensis root extract
2106996,magnesium aluminum silicate type IIA
2107301,ravulizumab
2107304,microcrystalline cellulose 112
2107310,prucalopride
2108023,lysyllysllysine
2108126,PEG-25 stearate
2109055,tagraxofusp
2109746,crospovidone (15 mpa.s at 5%)
2109751,"phosphatidylcholine, soybean"
2109855,dimethicone 12500
2110033,Ligilactobacillus salivarius
2110605,caplacizumab
2118525,triclabendazole
2118527,hymetellose (4150 MPA.S)
2118528,Smilax glabra tuber extract
2118848,polypropylene (30000 MW)
2118918,polyglyceryl-6 isostearate
2119174,Veronica officinalis whole extract
2119175,Mucuna pruriens whole extract
2119365,esketamine
2119470,FD&C blue #2 aluminum lake
2120184,sodium hydroxypropylsulfonate laurylglucoside-7 crosspolymer
2120185,N2-(4-fluorobenzoyl)-L-arginine
2121055,low-substituted hydroxypropyl cellulose (11% hydroxypropyl; 100000 MW)
2121085,siponimod
2121416,calaspargase pegol
2121707,black carrot extract
2121751,solriamfetol
2121777,brexanolone
2122086,Agave tequilana juice
2122439,Eucalyptus alba leaf extract
2123125,erdafitinib
2123126,romosozumab
2166040,risankizumab
2166043,hydroxypropyl cellulose (160000 WAMW)
2166047,myrcene
2167142,sodium lauryl phosphate
2167166,bis-octyldodecyl dimer dilinoleate - propanediol copolymer
2167167,glyceryl stearate - PEG-100 stearate
2167551,dog dander extract
2167552,Caryodendron orinocense whole extract
2167673,botulinum toxin type B
2167851,hexadecane
2167853,vinyltrimethylsilyloxy silicate
2168266,Betula lenta bark extract
2168398,butyl avocadate
2168411,English lavender oil
2169285,alpelisib
2169288,PEG-10 cocamine
2170226,onasemnogene abeparvovec
2173390,propylene glycol 2-stearate
2173915,cocoyl methyl monoethanolamine
2174090,polatuzumab vedotin
2174101,trimethylsilyl treated diimethiconol-trimethylsiloxysilicate crosspolymer (45-55 WW)
2176312,bremelanotide
2178066,N-dodecyl .beta.-D-maltoside
2178390,selinexor
2180325,darolutamide
2181533,Hylocereus undatus fruit extract
2183102,pexidartinib
2184137,relebactam
2188090,polyglyceryl-2 myristate
2196092,upadacitinib
2197290,"dengue virus live antigen, CYD serotype 1"
2197291,"dengue virus live antigen, CYD serotype 2"
2197292,"dengue virus live antigen, CYD serotype 3"
2197293,"dengue virus live antigen, CYD serotype 4"
2197490,fedratinib
2197842,baloxavir
2197862,entrectinib
2197878,pitolisant
2198359,pretomanid
2198944,lefamulin
2199015,istradefylline
2199290,"cellaburate (MW 65000, 17 % butyryl, 30 % acetyl)"
2199674,tenapanor
2200636,polyethylene glycol 10000
2201563,disteareth-100 isophorone diisocyanate
2204915,brolucizumab
2204929,"hydroxyethyl cellulose, unspecified"
2205481,capryloyl/caproyl methyl glucamide
2205637,trifarotene
2256930,lasmiditan
2256948,Astragalus gummifer root extract
2256951,elexacaftor
2257287,poly(DL-lactic-co-glycolic acid) (50:50; 15000 MW)
2260905,tetraxetan
2261371,Pisum sativum whole allergenic extract
2261783,diroximel fumarate
2262004,"(1,1-dimethylethyl)urea"
2262250,afamelanotide
2262279,crizanlizumab
2262435,zanubrutinib
2262541,lauric isopropanolamide
2262544,luspatercept
2263062,Atractylodes macrocephala whole extract
2263063,basic blue 1
2263159,triethoxysilylpropyl steardimonium chloride
2264725,dimethylimidazolidinone rice starch
2264903,Citrus bergamia leaf oil
2265690,cenobamate
2265702,cefiderocol
2265712,givosiran
2265844,PEG-8 dilaurate
2266490,Glycyrrhiza uralensis root extract
2267207,golodirsen
2267407,potassium aluminum disilicate
2268049,polyquaternium-69 (350000 MW)
2268087,retinaldehyde
2268213,Ficus benghalensis bark extract
2268216,ubrogepant
2268307,enfortumab
2268863,stearyl dimethicone (400 mpa.s at 50c)
2272107,avapritinib
2272403,lemborexant
2272971,.alpha.N-(methoxycarbonyl)-L-arginine
2273236,polyvinyl alcohol (130000 MW)
2274099,quaternium-16
2274239,microcrystalline cellulose 105
2274378,tazemetostat
2274394,ferric derisomaltose
2274413,"hepatitis A virus strain CR 326F antigen, inactivated"
2274605,nerol
2274706,"hexenyl acetate, (2Z)-"
2274803,teprotumumab
2275602,lumateperone
2275627,cetyl dimethicone/bis-vinyldimethicone crosspolymer
2275721,vanilla bean extract
2276304,triethanolamine monododecyl ether
2277806,microcrystalline cellulose 200
2281102,nonoxynol-5
2281673,zeolite A
2282018,isatuximab
2282305,"menthone, (+)-"
2282306,"menthyl acetate, (+/-)-"
2282307,rimegepant
2282403,bempedoic acid
2282660,eptinezumab
2284718,remdesivir
2286251,"benzoic acid 2-(2,4,6-trichlorophenyl)hydrazide"
2286252,osilodrostat
2286802,"1,3-butyleneglycol dimethacrylate"
2286803,PEG-7 stearate
2286806,wild thyme extract
2286994,levoisomethadone
2287731,butanediol (mixed isomers)
2287733,fusel oil
2288236,ozanimod
2288423,Citrus junos fruit oil
2289004,2-methyl-4-phenyl-2-butanol
2289005,4-tert-butylcyclohexyl acetate
2289006,acetyl cedrene
2289007,acetyl hexamethyl tetralin
2289010,dimethyl benzyl carbinol
2289025,Chimonanthus praecox flower oil
2289218,"polyester (adipic acid, 1,6-hexanediol, neopentyl glycol)"
2289224,sulfuryl fluoride
2289380,selumetinib
2289429,"1-butanol, 4-(ethenyloxy)-"
2359249,dimethicone PEG-8 adipate
2359254,chicken cartilage preparation
2359268,pemigatinib
2359270,Stephania tetrandra whole extract
2359274,Prunus speciosa flower extract
2359275,povidone K60
2360130,2-(N-morpholino)ethanesulfonic acid
2360231,sacituzumab
2360430,N-((ethoxycarbonyl)methyl)-p-menthane-3-carboxamide
2360540,sodium starch glycolate type A
2360571,Neisseria meningitidis serogroup A capsular polysaccharide tetanus toxoid protein conjugate vaccine
2360572,Neisseria meningitidis serogroup C capsular polysaccharide tetanus toxoid protein conjugate vaccine
2360573,Neisseria meningitidis serogroup W-135 capsular polysaccharide tetanus toxoid protein conjugate vaccine
2360574,Neisseria meningitidis serogroup Y capsular polysaccharide tetanus toxoid protein conjugate vaccine
2361285,tucatinib
2362165,capmatinib
2362167,opicapone
2362183,alpha-pinene
2362245,Cistanche tinctoria stem extract
2368125,(3-chloropropyl)trimethoxysilane
2369389,ripretinib
2370141,detosu/triethylene glycol/triethylene glycol polyglycolide copolymer
2370147,selpercatinib
2370175,disodium dihydrogen hypophosphate
2370868,acetamidoethoxyethanol
2370872,Rubus chingii whole extract
2372917,capryl oligoglucoside
2372919,dimethicone/PEG-10/15 crosspolymer
2372920,"2,3 di-o-methyl-d-glucose"
2373652,stem bromelain
2373947,tetrahydrolinalool
2373948,"2,2'-oxydipropanol"
2373951,inebilizumab
2374347,sodium myreth sulfate
2374348,viridiflorol
2374729,lurbinectedin
2375522,levacetylleucine
2375525,Gleditsia sinensis thorn extract
2375828,Cymbopogon flexuosus leaf extract
2376830,oleuropein
2376936,polyglyceryl-3 pentaricinoleate
2376938,Yucca schidigera stem
2376941,"2,4-dimethyl-3-cyclohexene carboxaldehyde"
2376944,levamlodipine
2377030,Levilactobacillus brevis
2378836,2-methylundecanal
2380370,poly-L-lysine (30000-70000 MW)
2380371,gelatin type a porcine (160 bloom)
2380373,fostemsavir
2380832,terpinolene
2382431,caprylyl glyceryl ether
2383533,allyl heptanoate
2383534,dioxane
2383539,2-tert-butylcyclohexyl acetate
2383930,2-sec-butyl cyclohexanone
2383931,allyl cyclohexanepropionate
2383933,ebanol
2383934,hydrogenated poly(C6-20 olefin; 100 CST)
2383939,styrene/isoprene/styrene block copolymer (styrene/isoprene 15/85)
2383940,tetrahydrolinalyl acetate
2383941,remimazolam
2384449,cedazuridine
2385109,styrene/isoprene/styrene block copolymer
2385330,dimethyl benzyl carbinyl butyrate
2385340,pinene
2386215,decyltetradeceth-30
2386333,Centella asiatica root extract
2387211,tafasitamab
2387277,brexucabtagene autoleucel
2387302,oxybate
2387831,glyceryl dioleate
2387834,belantamab mafodotin
2388133,ethyl acetoacetate ethylene glycol ketal
2389303,laneth-75
2389632,hydrogenated polydecene (1500 CST)
2389840,viltolarsen
2390935,risdiplam
2391140,diphenyl ether
2391541,satralizumab
2392131,hydrogenated soybean phosphatidylcholine
2392230,oliceridine
2393523,gamma-terpinene
2393779,isoeugenyl acetate
2394936,pralsetinib
2395271,sapanisertib
2395758,hypromellose 2208 (1500 MPA.S)
2395765,diethyl malonate
2395766,neryl acetate
2396018,C9-11 alkane/cycloalkane
2396431,allyl .alpha.-ionone
2396434,methyl 3-methylorsellinate
2396781,".alpha.-chlorohydrin, (+/-)-"
2396784,collagen alpha-1(I) chain (bovine)
2396889,PEG-200 glyceryl stearate
2397710,trans-3-isocamphylcyclohexanol
2398145,Acacia seyal whole extract
2399032,PEG-8 beeswax
2413031,3-methylpentadecane
2461338,atoltivimab
2461339,maftivimab
2461340,odesivimab
2462009,synthetic beeswax
2462151,"menthone 1,2-glycerol ketal, (+/-)-"
2462445,PEG-50 shea butter
2462495,Salvadora persica root extract
2462496,aminopromazine
2462501,perflunafene
2462502,methoxyisopropanol
2463112,gelatin type B bovine (150 bloom)
2463334,Hibiscus bifurcatus whole extract
2463730,Syzygium jambos fruit rind extract
2463738,Gracilaria gracilis whole extract
2464931,magnesium potassium aluminosilicate fluoride
2465732,poloxamer 105
2465830,3-iodo-2-propynol
2465831,acid yellow 1
2466983,Lactococcus lactis
2467137,Mitracarpus hirtus whole extract
2467140,lumasiran
2467277,polyglyceryl-3 caprate
2467540,berotralstat
2467553,lonafarnib
2467554,peppermint oil terpeneless
2467840,betulin
2467841,menhaden oil
2468231,"SARS-CoV-2 (COVID-19) vaccine, mRNA spike protein"
2468433,hydroxypropyl methacrylate
2469245,maltooligosyl glucoside
2469246,HC red no. 3
2469247,setmelanotide
2470531,behenyl betaine
2471078,tirbanibulin
2471080,amodimethicone (240 CST)
2471304,octadecyl di-tert-butyl-4-hydroxyhydrocinnamate
2471430,Limosilactobacillus fermentum
2472152,ansuvimab
2472186,heptane
2472254,vibegron
2472778,relugolix
2472795,polyoxyl 15 hydroxystearate
2473374,"1,2-dimyristoyl-rac-glycero-3-methoxypolyethylene glycol 2000"
2473851,margetuximab
2474038,Mentha suaveolens leaf extract
2474039,naxitamab
2474340,clascoterone
2475077,cabotegravir
2475166,voclosporin
2475178,phenylpropanol
2475180,sodium lauroyl glycinate
2475332,sodium starch glycolate type B
2475830,vericiguat
2476004,acetyl tetrapeptide-2
2476007,polyglyceryl-3 methylglucose distearate
2476008,sulfachlorpyridazine
2477103,tepotinib
2478335,evinacumab
2479046,sodium lauroyl methyl taurate
2479136,lisocabtagene maraleucel
2479555,Stevia serrata flower oil
2479557,octyldodecyl xyloside
2479690,trilaciclib
2480096,casimersen
2480113,polyglyceryl-10 dipalmitate
2480114,Raphanus sativus var. Caudatus root extract
2480117,Inga alba bark extract
2531288,fosdenopterin
2532300,ponesimod
2533031,polyglyceryl-6 caprylate
2533916,Tsuga canadensis leaf oil
2534233,tivozanib
2534444,polyglyceryl-6 ricinoleate
2535233,dasiglucagon
2535502,hydroxypropyl cellulose (20000 WAMW)
2536430,idecabtagene vicleucel
2539031,estetrol
2539169,hydrolyzed sheep wool keratin (200 MW)
2539173,polyglyceryl-3 stearate
2539431,Phlebodium aureum leaf extract
2539932,ferric maltol
2539967,dostarlimab
2540964,loncastuximab tesirine
2542349,.alpha.-terpinene
2548036,butyl isovalerate
2549199,amivantamab
2549747,epigallocatechin gallatyl glucoside
2550708,"lactide, DL-"
2550714,sotorasib
2550729,infigratinib
2552301,S-adenosyl-L-methionine disulfate tosylate
2557200,plasminogen
2557217,aducanumab
2557361,cyclododecane
2557362,"cyclohexanepropanol, 2,2,6-trimethyl-.alpha.-propyl-"
2557363,cyclopentanone
2557364,"decahydro-2,2,6,6,7,8,8-heptamethyl-2H-indeno(4,5-b)furan"
2557365,dihydrodehydro-.beta.-ionone
2557366,dimethylcyclohexylethoxy isobutylpropanoate
2557367,ethyl 2-methylpentanoate
2557368,floralozone
2557369,(3Z)-hex-3-en-1-yl methyl carbonate
2557370,jasmone
2557371,"naphtho(2,1-b)furan"
2557372,pegcetacoplan
2557373,somapacitan
2557374,benzyltrimethylsilane
2557375,"cyclopropanemethanol, 1-methyl-2-((1,2,2-trimethylbicyclo(3.1.0)hex-3-yl)methyl)-"
2557376,"2,2,5-trimethylhexane"
2557377,"2,4-dimethylnonan-4-ol"
2557378,4-hydroxy-1-(5-isocamphyl)cyclohexane
2557379,4-methyl-3-decen-5-ol
2557380,allyl cyclohexaneacetate
2557381,(-)-ambroxide
2557382,cedryl acetate
2559600,2-octyldodecyl 5-oxo-L-prolinate
2559612,samidorphan
2559703,sodium dilauramidoglutamide lysine
2559843,polyglyceryl-10 caprylate
2559958,Nelumbo nucifera root oil
2560213,ibrexafungerp
2560230,quaternium-90 bentonite
2560236,C15-19 alkane
2562176,serdexmethylphenidate
2562811,finerenone
2562883,direct yellow 6
2563625,"yeast, beta-D-glucan"
2563966,odevixibat
2564025,belumosudil
2564146,fexinidazole
2564413,steardimonium hydroxypropyl peg-7 dimethicone phosphate chloride
2565265,anifrolumab
2565488,iota-carrageenan
2565689,Rhinacanthus nasutus whole extract
2565814,avalglucosidase alfa
2566291,Streptococcus pneumoniae serotype 10A capsular antigen diphtheria CRM197 protein conjugate vaccine
2566292,Streptococcus pneumoniae serotype 11A capsular antigen diphtheria CRM197 protein conjugate vaccine
2566293,Streptococcus pneumoniae serotype 12F capsular antigen diphtheria CRM197 protein conjugate vaccine
2566294,Streptococcus pneumoniae serotype 15B capsular antigen diphtheria CRM197 protein conjugate vaccine
2566295,Streptococcus pneumoniae serotype 8 capsular antigen diphtheria CRM197 protein conjugate vaccine
2566296,Streptococcus pneumoniae serotype 33F capsular antigen diphtheria CRM197 protein conjugate vaccine
2566297,Streptococcus pneumoniae serotype 22F capsular antigen diphtheria CRM197 protein conjugate vaccine
2566620,solvent yellow 18
2567015,dodecylphosphocholine
2567226,belzutifan
2567688,Rosa canina seed oil
2569089,difelikefalin
2569562,lonapegsomatropin
2570477,Curculigo orchioides whole extract
2570736,mobocertinib
2571074,maralixibat
2571095,tisotumab
2571661,menthyl ethylamido oxalate
2571813,atogepant
2571991,dihydroeugenol
2572100,avacopan
2572112,.alpha.-ionene
2583628,palmitoyl tripeptide-8
2583629,Vincetoxicum atratum whole extract
2583637,tick-borne encephalitis purified antigen
2583725,luprostiol
2584304,asciminib
2584305,PEG-7 propylheptyl ether
2584311,carboxymethylcellulose sodium (0.9 carboxymethyl substitution per saccharide; 120 MPA.S at 1%)
2584546,2-methacryloyloxyethyl phosphorylcholine
2585255,Stellera chamaejasme whole extract
2585747,Mentha canadensis top extract
2586023,Arnebia guttata root extract
2586068,maribavir
2586083,Viola patrinii whole extract
2586353,styrene/ammonium acrylate copolymer (300000 MW)
2586354,vosoritide
2586857,pafolacianine
2587059,ropeginterferon alfa-2b
2587717,efgartigimod alfa
2587731,1-ethyl citrate
2587789,tezepelumab
2587892,nirmatrelvir
2587901,molnupiravir
2588243,inclisiran
2588489,Luviset 360
2588949,gozetotide
2589225,tralokinumab
2589608,Cassia fistula whole extract
2590729,"1,3-beta-glucan synthase component FKS1"
2590742,sodium laurylglucosides hydroxypropylsulfonate
2590743,tebentafusp
2590759,lauroyl - myristoyl amidopropyl amine oxide
2591404,sutimlimab
2591476,abrocitinib
2591497,daridorexant
2591519,faricimab
2592972,Lonicera hypoglauca flower extract
2593692,Streptococcus thermophilus
2594468,mitapivat
2594593,tetraethyl silicate
2594775,ciltacabtagene autoleucel
2595243,pacritinib
2596773,relatlimab
2596860,Tasmannia lanceolata leaf extract
2597054,vipivotide tetraxetan
2597249,Ligustrum lucidum fruit extract
2597522,PEG-7 trimethylolpropane coconut ether
2599310,Berberis aristata fruit extract
2599518,brincidofovir
2599921,"((4-hydroxybutyl)azanediyl)bis(hexane-6,1-diyl)bis(2-hexyldecanoate)"
2599922,"2-(MPEG 2000)-N,N-ditetradecylacetamide"
2600867,mavacamten
2601723,tirzepatide
2602284,butyloctanol
2602286,tapinarof
2602577,oteseconazole
2603280,Albatrellus confluens fruiting body extract
2603287,Physalis pubescens fruit juice
2603288,polyglyceryl-10 myristate
2603499,"measles virus vaccine live, attenuated Schwarz strain"
2604566,hexyl cinnamate
2604569,PEG-10 beta-sitosteryl ether
2604571,POLYQUATERNIUM-80
2604577,vonoprazan
2604578,vutrisiran
2604689,ganaxolone
2605801,anisyl acetate
2606074,"SARS-COV-2 (COVID-19) vaccine, subunit, recombinant spike protein"
2606484,iomeprol
2606543,silver
2606775,dimethicone propyl PG-betaine
2607025,vitamin MK6
2609244,C30-45 alkyl cetearyl dimethicone crosspolymer
2609844,ethylcellulose aqueous dispersion type A
2610349,betibeglogene autotemcel
2610401,ethylcellulose aqueous dispersion type B
2610407,olipudase alfa
2610417,spesolimab
2612087,deucravacitinib
2612151,dilinoleic acid/butanediol copolymer
2612428,4-acetylanisole
2612526,eflapegrastim
2612527,elivaldogene autotemcel
2612691,omidenepag
2618720,gadopiclenol
2619241,Cladonia rangiferina whole extract
2619252,"starch, tapioca"
2619313,tremelimumab
2619426,teclistamab
2619675,Mentha canadensis whole extract
2621019,linzagolix
2621119,PPG-10 caprylyl ether
2621210,propanediol caprylate
2621546,"1,2-distearoyl-sn-glycero-3-(phospho-rac-(1-glycerol))"
2621547,silver stearate
2621548,mirvetuximab soravtansine
2621643,caprooyl phytosphingosine
2621708,PEG-10 dimethicone (220 CST)
2621832,Magnolia sieboldii root extract
2621880,teplizumab
2622906,dimethicone PEG-8 meadowfoamate
2622907,polyacrylate-1 crosspolymer
2623397,Myrica cerifera fruit extract
2623641,olutasidenib
2623643,Smallanthus sonchifolius root juice
2623998,Vitreoscilla lysate extract
2624742,Zaire ebolavirus envelope glycoprotein
2625122,mosunetuzumab
2625124,apple peel extract
2625651,lenacapavir
2625882,adagrasib
2626143,lecanemab
2626349,ublituximab
2626460,allogeneic processed thymus tissue
2626471,allogeneic cultured keratinocytes and dermal fibroblasts in murine collagen
2626495,Smilax glabra whole extract
2626723,anacaulase
2626724,"fecal microbiota, live"
2626727,etranacogene dezaparvovec
2627044,bexagliflozin
2628190,futibatinib
2628210,daprodustat
2628469,elacestrant
2629338,pirtobrutinib
2630535,sparsentan
2630725,velmanase alfa
2631025,"poly(DL-lactic-co-glycolic acid), (85:15; 23000 MW)"
2631084,"antihemophilic factor (recombinant), Fc-VWF-XTEN fusion protein"
2631132,Hericium erinaceus fruiting body extract
2631931,omaveloxolone
2631985,Euphorbia fischeriana root extract
2631986,hypromellose 2208 (200000 MPA.S)
2631990,Stemona tuberosa whole extract
2632070,Peruvian pepper tree pollen extract
2632264,Rhinacanthus nasutus leaf extract
2632412,microcrystalline cellulose 301
2632730,Stemona japonica root extract
2632775,Crocus sativus whole extract
2632776,Cnidium monnieri whole extract
2632777,Bassia scoparia whole extract
2632852,trofinetide
2632981,retifanlimab
2633005,leniolisib
2634161,glycereth-31
2634162,sodium methylenebisnaphthalenesulfonate
2634407,"(2-amino-5,6-dichloroquinazolin-3(4h )-yl)acetic acid"
2634452,calcobutrol
2634995,tofersen
2635085,trisodium phosphide
2636109,Sarcomphalus joazeiro bark extract
2636531,Polypodium virginianum root extract
2636532,Tribulus terrestris flower extract
2636537,"fecal microbiota spores, live"
2636589,respiratory syncytial virus pre-fusion F protein
2636601,Podophyllum hexandrum whole extract
2636730,Fucus spiralis extract
2636731,tetraselmis chui extract
2637132,microcrystalline cellulose 302
2637134,fezolinetant
2637345,volanesorsen
2637355,omidubicel
2637392,epcoritamab
2637446,pegunigalsidase alfa
2637547,perfluorohexyloctane
2637685,typha orientalis whole extract
2637735,benzenesulfinic acid
2637737,Melissa officinalis flower extract
2637758,beremagene geperpavec
2637853,Cnidium monnieri fruit oil
2637855,papaya seed oil
2637955,zavegepant
2638675,sotagliflozin
2639089,durlobactam
2639155,rezafungin
2639620,vilobelimab
2639626,laureth-15
2639782,glofitamab
2639943,"1,1,1,2,2,3,3,4,4-nonafluorononane"
2640032,terpene resin
2640866,meadowfoam estolide
2640867,polyglyceryl-4 laurate
2641594,polyquaternium-47 (methacrylamidopropyltrimethylammonium chloride-co-methyl acrylate-co-acrylic acid 46:8:46; 1300000 MW)
2641595,ritlecitinib
2641610,valoctocogene roxaparvovec
2641675,delandistrogene moxeparvovec
2641891,Mosla cavaleriei whole extract
2641893,Viola adunca whole extract
2642189,2'-deoxyadenosine
2642190,5-methyldeoxycytidine
2642208,doxecitine
2642210,2'-deoxyguanosine
2642217,donislecel
2642274,rozanolixizumab
2642401,nirsevimab
2642871,ethyl p-hydroxyhydrocinnamate
2642872,hydrogenated polyisobutene 8
2643048,quizartinib
2643432,(N-(3-cholamidopropyl)-N-(3-lactobionamidopropyl))cholamide
2643470,sodium lauryl ethoxysulfate
2644436,nadofaragene firadenovec
2644446,Agave tequilana stem extract
2644447,talquetamab
2644503,somatrogon
2644880,elranatamab
2645108,avacincaptad pegol
2645263,hypromellose acetate succinate
2663938,pozelimab
2663954,palovarotene
2663955,oligopeptide 104
2664061,"poly(DL-lactic-co-glycolic acid), (75:25; 20000 MW)"
2664491,C9-12 alkane
2664896,motixafortide
2665204,momelotinib
2665338,linerixibat
2665347,diethylene glycol abietate
2665656,ethylhexyl olivate
2667329,"myristoyl hexapeptide-12, (VAL-GLY-VAL-ALA-PRO-GLY)-"
2667433,cipaglucosidase alfa
2667640,Mirabilis jalapa whole extract
2667641,palmitoyl myristyl serinate
2667745,quaternium-73
2667746,tocopheryl glucoside
2667938,Quillaja saponaria whole extract
2668041,bimekizumab
2668045,etrasimod
2668190,plasacryl T20
2668384,mirikizumab
2669403,Reynoutria multiflora root oil
2669405,dihydroxyethyl lauramine oxide
2669406,toripalimab
2669799,vamorolone
2669905,zuranolone
2669967,capivasertib
2670080,Cordia dichotoma whole extract
2670179,fruquintinib
2670285,"ADAMTS13, recombinant"
2670453,taurolidine
2670454,tetrahydrocurcumin .beta.-o-glucuronide
2670630,efbemalenograstim alfa
2670631,nirogacestat
2670644,repotrectinib
2671061,iptacopan
2671200,potassium hydroxycitrate
2671201,Silybum marianum whole extract
2671242,"poly(DL-lactic-co-glycolic acid), (75:25; 9500 MW)"
2671358,Lavandula angustifolia subsp. angustifolia leaf extract
2671359,1-ethoxyundecane
2671582,tert-butylbenzoic acid (mixed isomers)
2671667,exagamglogene autotemcel
2671939,eplontersen
2671958,lovotibeglogene autotemcel
2672253,gepirone
2672340,benzophenone-4-isothiocyanate
2672488,2-(perfluorohexyl)ethanethiol
2672489,zilucoplan
2673238,"chikungunya virus antigen, live attenuated LR2006 OPY1 strain"
2673303,Typhonium giganteum stem extract
2673464,hydracrylic acid
2673585,vasicinone
2673586,Euphorbia neriifolia leaf extract
2675287,nedosiran
2675320,alpha bisabolene
2675343,azulene
2675583,birch triterpenes
2675619,hypromellose 2208 (4 MPA.S)
2675620,temsavir
2675860,lifileucel
2675983,4-hydroxycyclophosphamide
2675985,enmetazobactam
2677426,tislelizumab
2677789,pemivibart
2677894,resmetirom
2677916,atidarsagene autotemcel
2678889,givinostat
2678930,sotatercept
2678952,danicopan
2679054,Mentha canadensis flowering top extract
2679059,aprocitentan
2679296,vadadustat
2679611,Embelia ribes fruit extract
2679778,gelatin type A porcine (195 bloom)
2680317,Gentiana manshurica root extract
2681011,fidanacogene elaparvovec
2682434,tovorafenib
2682678,nogapendekin alfa inbakicept
2682734,Clematis viorna whole extract
2682954,tarlatamab
2683094,acetoin
2683200,hydroxypropyl guar hydroxypropyltrimonium chloride
2683416,"disodium.alpha.-tocopheryl phosphate, D-"
2684021,mavorixafor
2684941,elafibranor
2684977,diheptyl adipate
2684981,pentapeptide-18
2684993,dioctyl adipate
2685002,respiratory syncytial virus pre-fusion F glycoprotein mRNA
2685236,imetelstat
2686619,crovalimab
2686917,Streptococcus pneumoniae serotype 15A capsular antigen diphtheria CRM197 protein conjugate vaccine
2686918,Streptococcus pneumoniae serotype 16F capsular antigen diphtheria CRM197 protein conjugate vaccine
2686919,Streptococcus pneumoniae serotype 17F capsular antigen diphtheria CRM197 protein conjugate vaccine
2686920,Streptococcus pneumoniae serotype 20A capsular antigen diphtheria CRM197 protein conjugate vaccine
2686921,Streptococcus pneumoniae serotype 23A capsular antigen diphtheria CRM197 protein conjugate vaccine
2686922,Streptococcus pneumoniae serotype 23B capsular antigen diphtheria CRM197 protein conjugate vaccine
2686923,Streptococcus pneumoniae serotype 24F capsular antigen diphtheria CRM197 protein conjugate vaccine
2686924,Streptococcus pneumoniae serotype 31 capsular antigen diphtheria CRM197 protein conjugate vaccine
2686925,Streptococcus pneumoniae serotype 35B capsular antigen diphtheria CRM197 protein conjugate vaccine
2686926,Streptococcus pneumoniae serotype 9N capsular antigen diphtheria CRM197 protein conjugate vaccine
2686927,Streptococcus pneumoniae serotype DEOAC15B capsular antigen diphtheria CRM197 protein conjugate vaccine
2687215,ensifentrine
2687966,donanemab
2688018,galectin-3
2688020,sodium hydrolyzed potato starch dodecenylsuccinate
2688454,Inula racemosa root extract
2688460,cucurbitacin B
2689143,"1,1,1,2-tetrafluorochloroethane"
2689322,sofpironium
2690254,Cladonia cristatella whole extract
2690255,polyurethane-39
2690256,afamitresgene autoleucel
2690627,benzgalantamine
2690647,vorasidenib
2690867,N-carboxymethylchitosan
2690869,seladelpar
2691150,lazertinib
2691310,nemolizumab
2691333,ceftobiprole
2691526,axatilimab
2691826,corn dextrin
2693283,"2,3-pentanedione"
2693758,lebrikizumab
2694283,arimoclomol
2694828,xanomeline
2695422,inavolisib
2695722,turmeric root extract
2695791,Coffea arabica seed extract
2695869,zolbetuximab
2695992,acrylate/butylaminoethyl methacrylate/methyl acrylate/methyl methacrylate/octylacrylamide copolymer (40000 WAMW)
2696552,glyceryl triacetyl 12-hydroxystearate
2697133,marstacimab
2697172,cottonseed acid
2697439,isostearamidopropyl dimethylamine
2697463,Cnidium monnieri fruit extract
2697971,Sauromatum giganteum root extract
2697972,Wolfiporia cocos sclerotium extract
2698019,octoxynol-13
2698020,polyacrylate crosspolymer-6
2698195,obecabtagene autoleucel
2698198,zanidatamab
2698312,acoramidis
2698325,revumenib
2698762,eladocagene exuparvovec
2699125,PEG-40 glyceryl stearate
2699588,zenocutuzumab
2700058,Cucumis sativus fruit extract
2700154,"1,2-dilinoleoyl-3-oleoyl-SN-glycerol"
2700156,3-phytase A (Aspergillus niger)
2700338,acellular tissue engineered vessel
2700758,taxifolin
2700761,allogenic bone-marrow-derived mesenchymal stem cells
2700765,remestemcel-L
2701386,crinecerfont
2701418,olezarsen
2701430,deutivacaftor
2701431,vanzacaftor
2703033,datopotamab deruxtecan
2704819,suzetrigine
2705361,Curcuma longa root powder
2705378,vimseltinib
2705551,mirdametinib
2705690,Gynostemma pentaphyllum whole extract
2707120,"chikungunya virus antigen, recombinant Senegal strain 37997"
2708333,concizumab
2708830,revakinagene taroretcel
2709212,gepotidacin
2709439,fitusiran
2710434,berdazimer
2710449,atrasentan
2711885,Glycyrrhiza glabra root powder extract
2711887,Alchemilla vulgaris flowering top extract
2712070,landiolol
2712542,penpulimab
2712546,ensartinib
2712693,nipocalimab
2713314,prademagene zamikeracel
2714237,telisotuzumab
2714498,Rhamnus cathartica bark extract
2714500,Agave tequilana inulin
2714502,defactinib
2714515,avutometinib
2716558,deuruxolitinib
2716801,acoltremon
2716802,clesrovimab
2716919,taletrectinib
2717169,garadacimab
2717511,cosibelimab
2717833,sulopenem
2717944,sebetralstat
2719226,sunvozertinib
2719416,linvoseltamab
2721163,delgocitinib
2721194,dordaviprone
2721604,zongertinib
2721766,aceclidine
2721880,brensocatib
2722398,rilzabrutinib
2723017,Haberlea rhodopensis whole extract
2723056,sepiapterin
2723361,zopapogene imadenovec
2723752,berahyaluronidase alfa
2724361,donidalorsen
2724363,paltusotine
2724365,remibrutinib
2725511,elinzanetant
2725523,nerandomilast
2725600,elamipretide
2725912,imlunestrant
2725985,ziftomenib
2727175,plozasiran
2728187,sevabertinib
2728380,sibeprenlimab
2729265,depemokimab
2729426,lerodalcibep
2730302,etripamil
2731469,aficamten
2732215,copper histidinate
2732291,narsoplimab
2732339,Artemisia afra leaf extract
2734122,zoliflodacin
2737149,difamilast
2738648,pegzilarginase
2739030,icotrokinra
2739506,tradipitant
2739518,navepegritide
2739519,relacorilant
2739838,orforglipron
2740012,tividenofusp alfa
2740382,marnetegragene autotemcel
2740394,insulin icodec
2741616,lunsotogene parvec
2741688,islatravir
2742563,sodium methyltaurate
2743197,influenza A virus (H5N8) antigen
2743350,vepdegestrant
2743398,baxdrostat
2743603,bulevirtide
2744296,pivekimab sunirine
2744813,zidebactam
2745120,gadoquatrane
